0,1,1,0,0,0,"""１００（社内）""","""ｴｲｷﾞｮｳﾌﾞｼｬﾅｲ""","""0525711281#""",16,0,"""""",16,0,"""""",16,0,"""""",16,0
0,1,1,1,0,0,"""１００（オート）""","""ｴｲｷﾞｮｳﾌﾞ ｵｰﾄ""","""0525713377#""",16,0,"""""",16,0,"""""",16,0,"""""",16,0
0,1,1,2,0,0,"""１００（管理）""","""ｴｲｷﾞｮｳﾌﾞ ｶﾝﾘ""","""0525335525#""",16,0,"""""",16,0,"""""",16,0,"""""",16,0
0,1,1,3,0,0,"""中信総務部""","""ｿｳﾑﾌﾞ""","""0525711218#""",16,0,"""""",16,0,"""""",16,0,"""""",16,0
0,1,1,4,0,0,"""中信情報システム部""","""ｼﾞｮｳﾎｳｼｽﾃﾑﾌﾞ""","""0525711219#""",16,0,"""""",16,0,"""""",16,0,"""""",16,0
0,1,1,5,0,0,"""""","""""","""""",16,0,"""""",16,0,"""""",16,0,"""""",16,0
0,1,1,6,0,0,"""""","""""","""""",16,0,"""""",16,0,"""""",16,0,"""""",16,0
0,1,1,7,0,0,"""""","""""","""""",16,0,"""""",16,0,"""""",16,0,"""""",16,0
0,1,1,8,0,0,"""美山社長 携帯""","""ﾐﾔﾏｼｬﾁｮｳｹｲﾀｲ""","""09018243222""",17,0,"""""",16,0,"""""",16,0,"""""",16,0
0,1,1,9,0,0,"""中信 山村部長 携帯""","""ﾅｶｼﾝﾔﾏﾑﾗﾌﾞﾁｮ""","""09079120101""",17,0,"""""",16,0,"""""",16,0,"""""",16,0
0,1,1,10,0,0,"""""","""""","""""",16,0,"""""",16,0,"""""",16,0,"""""",16,0
0,1,1,11,0,0,"""アロー携帯ｳｨﾙｺﾑ""","""ｱﾛｰｹｲﾀｲｳｨﾙｺﾑ""","""07053301701#""",16,0,"""""",16,0,"""""",16,0,"""""",16,0
0,1,1,12,0,0,"""林社長 携帯""","""ﾊﾔｼｼｬﾁｮｳｹｲﾀ""","""09033860670""",17,0,"""""",16,0,"""""",16,0,"""""",16,0
0,1,1,13,0,0,"""森部長携帯""","""ﾓﾘﾌﾞﾁﾖｳ ｹｲﾀｲ""","""09021820909#""",16,0,"""""",16,0,"""""",16,0,"""""",16,0
0,1,1,14,0,0,"""宮崎携帯""","""ﾐﾔｻﾞｷ ｹｲﾀｲ""","""09088650995#""",16,0,"""""",16,0,"""""",16,0,"""""",16,0
0,1,1,15,0,0,"""布村携帯""","""ﾇﾉﾑﾗ ｹｲﾀｲ""","""09031592219#""",16,0,"""""",16,0,"""""",16,0,"""""",16,0
0,1,1,16,0,0,"""大西携帯""","""ｵｵﾆｼ ｹｲﾀｲ""","""09050089880#""",16,0,"""""",16,0,"""""",16,0,"""""",16,0
0,1,1,17,0,0,"""鈴木携帯""","""ｽｽﾞｷ ｹｲﾀｲ""","""09026821723#""",16,0,"""""",16,0,"""""",16,0,"""""",16,0
0,1,1,18,0,0,"""小木曽携帯""","""ｺｷﾞｿ ｹｲﾀｲ""","""09065774962#""",16,0,"""""",16,0,"""""",16,0,"""""",16,0
0,1,1,19,0,0,"""大原携帯""","""ｵｵﾊﾗ ｹｲﾀｲ""","""09076761838#""",16,0,"""""",16,0,"""""",16,0,"""""",16,0
0,1,1,20,0,0,"""野田携帯""","""ﾉﾀﾞ ｹｲﾀｲ""","""09012908690#""",16,0,"""""",16,0,"""""",16,0,"""""",16,0
0,1,1,21,0,0,"""白井 携帯""","""ｼﾗｲｹｲﾀｲ""","""09065936651""",17,0,"""""",16,0,"""""",16,0,"""""",16,0
0,1,1,22,0,0,"""岩井携帯""","""ｲﾜｲｹｲﾀｲ""","""09017805838""",17,0,"""""",16,0,"""""",16,0,"""""",16,0
0,1,1,23,0,0,"""""","""""","""""",16,0,"""""",16,0,"""""",16,0,"""""",16,0
0,1,1,24,0,0,"""""","""""","""""",16,0,"""""",16,0,"""""",16,0,"""""",16,0
0,1,1,25,0,0,"""""","""""","""""",16,0,"""""",16,0,"""""",16,0,"""""",16,0
0,1,1,26,0,0,"""顧問 水上宏明氏""","""ｺﾓﾝﾐｽﾞｶﾐﾋﾛｱｷ""","""09044115052""",17,0,"""""",16,0,"""""",16,0,"""""",16,0
0,1,1,27,0,0,"""""","""""","""""",16,0,"""""",16,0,"""""",16,0,"""""",16,0
0,1,1,28,0,0,"""ネットプラザ(東区) ""","""ﾈｯﾄﾌﾟﾗｻ ﾋｶﾞｼ""","""0529613300""",20,0,"""""",16,0,"""""",16,0,"""""",16,0
0,1,1,29,0,0,"""イセット管制センター""","""ｲｾｯﾄｶﾝｾｲｾﾝﾀ-""","""0522222828""",20,0,"""""",16,0,"""""",16,0,"""""",16,0
0,1,1,30,0,0,"""三菱東京UFJ柳橋""","""UFJ ﾔﾅｷﾞﾊﾞｼ""","""0525828211#""",16,0,"""""",16,0,"""""",16,0,"""""",16,0
0,1,1,31,0,0,"""ユニマットライフ名南""","""ﾕﾆﾏｯﾄﾗｲﾌﾒｲﾅﾝ""","""0526910777""",20,0,"""""",16,0,"""""",16,0,"""""",16,0
0,1,1,32,0,0,"""ダイツウ""","""ﾀﾞｲﾂｳ""","""0525718118#""",16,0,"""""",16,0,"""""",16,0,"""""",16,0
0,1,1,33,0,0,"""篠田商会""","""ｼﾉﾀﾞｼｮｳｶｲ""","""0529352601#""",16,0,"""""",16,0,"""""",16,0,"""""",16,0
0,1,1,34,0,0,"""オービック""","""ｵｰﾋﾞｯｸ""","""0525260111#""",16,0,"""""",16,0,"""""",16,0,"""""",16,0
0,1,1,35,0,0,"""ワンビシ""","""ﾜﾝﾋﾞｼｱｰｶｲﾌﾞｽ""","""0485823781#""",16,0,"""""",16,0,"""""",16,0,"""""",16,0
0,1,1,36,0,0,"""ゆうパック集荷""","""ﾕｳﾊﾟｯｸｼｭｳｶ""","""08000800111""",20,0,"""""",16,0,"""""",16,0,"""""",16,0
0,1,1,37,0,0,"""荒子郵便局""","""ｱﾗｺﾕｳﾋﾞﾝｷｮｸ""","""0523619601#""",20,0,"""""",16,0,"""""",16,0,"""""",16,0
0,1,1,38,0,0,"""中川郵便局""","""ﾅｶｶﾞﾜﾕｳﾋﾞﾝｷｮ""","""0523621189""",20,0,"""""",16,0,"""""",16,0,"""""",16,0
0,1,1,39,0,0,"""トヨタカローラ辻本通""","""ﾄﾖﾀｶﾛｰﾗﾂｼﾞﾎﾝ""","""0529112311#""",16,0,"""""",16,0,"""""",16,0,"""""",16,0
0,1,1,40,0,0,"""大栄印刷工業""","""ﾀﾞｲｴｲｲﾝｻﾂｺｳｷ""","""0529370180#""",16,0,"""""",16,0,"""""",16,0,"""""",16,0
0,1,1,41,0,0,"""大栄印刷鵜飼社長""","""ﾀﾞｲｴｲｲﾝｻﾂｳｶｲ""","""09085504620#""",16,0,"""""",16,0,"""""",16,0,"""""",16,0
0,1,1,42,0,0,"""""","""""","""""",16,0,"""""",16,0,"""""",16,0,"""""",16,0
0,1,1,43,0,0,"""三栄収納サービス""","""ｻﾝｴｲｼｭｳﾉｳｻｰﾋ""","""0339805211#""",16,0,"""""",16,0,"""""",16,0,"""""",16,0
0,1,1,44,0,0,"""三栄収納鈴木部長""","""ｻﾝｴｲｼｭｳﾉｳｽｽﾞ""","""09072458557#""",16,0,"""""",16,0,"""""",16,0,"""""",16,0
0,1,1,45,0,0,"""""","""""","""""",16,0,"""""",16,0,"""""",16,0,"""""",16,0
0,1,1,46,0,0,"""""","""""","""""",16,0,"""""",16,0,"""""",16,0,"""""",16,0
0,1,1,47,0,0,"""""","""""","""""",16,0,"""""",16,0,"""""",16,0,"""""",16,0
0,1,1,48,0,0,"""""","""""","""""",16,0,"""""",16,0,"""""",16,0,"""""",16,0
0,1,1,49,0,0,"""三菱電機ﾋﾞﾙﾃｸﾉｻ-ﾋﾞｽ""","""ﾐﾂﾋﾞｼﾃﾞﾝｷ""","""0525821194""",20,0,"""""",16,0,"""""",16,0,"""""",16,0
0,1,1,50,0,0,"""ＣＳＪ""","""ｼｰｴｽｼﾞｪｲ""","""0522535823#""",16,0,"""""",16,0,"""""",16,0,"""""",16,0
0,1,1,51,0,0,"""ＣＳＪ担当者携帯""","""ｼｰｴｽｼﾞｪｲﾀﾝﾄｳ""","""09070250222#""",16,0,"""""",16,0,"""""",16,0,"""""",16,0
0,1,1,52,0,0,"""""","""""","""""",16,0,"""""",16,0,"""""",16,0,"""""",16,0
0,1,1,53,0,0,"""三幸企画""","""ｻﾝｺｳｷｶｸ""","""0527018811#""",16,0,"""""",16,0,"""""",16,0,"""""",16,0
0,1,1,54,0,0,"""三幸企画稗田携帯""","""ｻﾝｺｳｷｶｸ ﾋｴﾀﾞ""","""09039534374#""",16,0,"""""",16,0,"""""",16,0,"""""",16,0
0,1,1,55,0,0,"""""","""""","""""",16,0,"""""",16,0,"""""",16,0,"""""",16,0
0,1,1,56,0,0,"""中京広告""","""ﾁｭｳｷｮｳｺｳｺｸ""","""0522187779""",20,0,"""""",16,0,"""""",16,0,"""""",16,0
0,1,1,57,0,0,"""中京広告向井携帯""","""ﾁｭｳｷｮｳｺｳｵｸﾑｶ""","""09018621820#""",16,0,"""""",16,0,"""""",16,0,"""""",16,0
0,1,1,58,0,0,"""""","""""","""""",16,0,"""""",16,0,"""""",16,0,"""""",16,0
0,1,1,59,0,0,"""アプラスｵｰﾄﾈｯﾄ""","""ｱﾌﾟﾗｽｵｰﾄﾈｯﾄｻ""","""0570200070#""",16,0,"""""",16,0,"""""",16,0,"""""",16,0
0,1,1,60,0,0,"""損害保障共済会""","""ｿﾝｶﾞｲﾎｼｮｳ""","""0120681691#""",16,0,"""""",16,0,"""""",16,0,"""""",16,0
0,1,1,61,0,0,"""損害保障中尾社長""","""ｿﾝｶﾞｲﾎｼｮｳﾅｶｵ""","""09094003555#""",16,0,"""""",16,0,"""""",16,0,"""""",16,0
0,1,1,62,0,0,"""損害保障緊急土日""","""ｿﾝｶﾞｲ ｷﾝｷｭｳ""","""08017819933#""",16,0,"""""",16,0,"""""",16,0,"""""",16,0
0,1,1,63,0,0,"""""","""""","""""",16,0,"""""",16,0,"""""",16,0,"""""",16,0
0,1,1,64,0,0,"""アルコシステム""","""ｱﾙｺｼｽﾃﾑ""","""0792887500#""",16,0,"""""",16,0,"""""",16,0,"""""",16,0
0,1,1,65,0,0,"""""","""""","""""",16,0,"""""",16,0,"""""",16,0,"""""",16,0
0,1,1,66,0,0,"""""","""""","""""",16,0,"""""",16,0,"""""",16,0,"""""",16,0
0,1,1,67,0,0,"""日本決済システム""","""ﾆﾎﾝｹｯｻｲｼｽﾃﾑ""","""0352885304#""",16,0,"""""",16,0,"""""",16,0,"""""",16,0
0,1,1,68,0,0,"""日本決済ｼｽﾃﾑ工藤""","""ﾆﾎﾝｹｯｻｲ ｸﾄﾞｳ""","""08067300677#""",16,0,"""""",16,0,"""""",16,0,"""""",16,0
0,1,1,69,0,0,"""""","""""","""""",16,0,"""""",16,0,"""""",16,0,"""""",16,0
0,1,1,70,0,0,"""日本信用情報機構（J""","""ﾆﾎﾝｼﾝﾖｳｼﾞｮｳﾎ""","""08008007763#""",20,0,"""""",16,0,"""""",16,0,"""""",16,0
0,1,1,71,0,0,"""""","""""","""""",16,0,"""""",16,0,"""""",16,0,"""""",16,0
0,1,1,72,0,0,"""ｼｰ・ｱｲ・ｼｰCI""","""CICﾄｳｷｮｳ""","""0333480629#""",16,0,"""""",16,0,"""""",16,0,"""""",16,0
0,1,1,73,0,0,"""ｼｰｱｲｼｰ中部支社""","""CICﾁｭｳﾌﾞｼｼｬ""","""0522314381#""",16,0,"""""",16,0,"""""",16,0,"""""",16,0
0,1,1,74,0,0,"""""","""""","""""",16,0,"""""",16,0,"""""",16,0,"""""",16,0
0,1,1,75,0,0,"""日本貸金業協会（東京""","""ﾆﾎﾝｶｼｷﾝｷﾞｮｳｷ""","""0357393015#""",16,0,"""""",16,0,"""""",16,0,"""""",16,0
0,1,1,76,0,0,"""日本貸金業協愛知支部""","""ﾆﾎﾝｶｼｷﾝｷﾞｮｳｷ""","""0522655280""",20,0,"""""",16,0,"""""",16,0,"""""",16,0
0,1,1,77,0,0,"""""","""""","""""",16,0,"""""",16,0,"""""",16,0,"""""",16,0
0,1,1,78,0,0,"""日本クレジット協会""","""ﾆﾎﾝｸﾚｼﾞｯﾄｷｮｳ""","""0356430011#""",16,0,"""""",16,0,"""""",16,0,"""""",16,0
0,1,1,79,0,0,"""""","""""","""""",16,0,"""""",16,0,"""""",16,0,"""""",16,0
0,1,1,80,0,0,"""中部経済産業局消費経""","""ﾁｭｳﾌﾞｹｲｻﾞｲｻﾝ""","""0529512560#""",16,0,"""""",16,0,"""""",16,0,"""""",16,0
0,1,1,81,0,0,"""""","""""","""""",16,0,"""""",16,0,"""""",16,0,"""""",16,0
0,1,1,82,0,0,"""愛知県中小企業金融課""","""ｱｲﾁｹﾝﾁｭｳｼｮｳｷ""","""0529546334#""",16,0,"""""",16,0,"""""",16,0,"""""",16,0
0,1,1,83,0,0,"""""","""""","""""",16,0,"""""",16,0,"""""",16,0,"""""",16,0
0,1,1,84,0,0,"""""","""""","""""",16,0,"""""",16,0,"""""",16,0,"""""",16,0
0,1,1,85,0,0,"""""","""""","""""",16,0,"""""",16,0,"""""",16,0,"""""",16,0
0,1,1,86,0,0,"""""","""""","""""",16,0,"""""",16,0,"""""",16,0,"""""",16,0
0,1,1,87,0,0,"""""","""""","""""",16,0,"""""",16,0,"""""",16,0,"""""",16,0
0,1,1,88,0,0,"""""","""""","""""",16,0,"""""",16,0,"""""",16,0,"""""",16,0
0,1,1,89,0,0,"""NECﾌｨｰﾙﾃﾞｨﾝｸﾞ(修理)""","""ｴﾇｲ-ｼ-""","""0120536111""",20,0,"""""",16,0,"""""",16,0,"""""",16,0
0,1,1,90,0,0,"""オービック名古屋支店""","""ｵｰﾋﾞｯｸﾅｺﾞﾔｼﾃ""","""0525260111#""",16,0,"""""",16,0,"""""",16,0,"""""",16,0
0,1,1,91,0,0,"""オービック若松課長""","""ｵｰﾋﾞｯｸﾜｶﾏﾂｶﾁ""","""09067605380#""",16,0,"""""",16,0,"""""",16,0,"""""",16,0
0,1,1,92,0,0,"""OBIC ｿﾘｭｰｼｮﾝｼｽﾃﾑ部""","""ｵ-ﾋﾞｯｸｿﾘｭ-ｼｮ""","""0529520123#""",20,0,"""""",16,0,"""""",16,0,"""""",16,0
0,1,1,93,0,0,"""""","""""","""""",16,0,"""""",16,0,"""""",16,0,"""""",16,0
0,1,1,94,0,0,"""""","""""","""""",16,0,"""""",16,0,"""""",16,0,"""""",16,0
0,1,1,95,0,0,"""TMJ(代行)""","""ﾃｲｴﾑｼﾞｪｲ""","""0366619042""",20,0,"""""",16,0,"""""",16,0,"""""",16,0
0,1,1,96,0,0,"""""","""""","""""",16,0,"""""",16,0,"""""",16,0,"""""",16,0
0,1,1,97,0,0,"""""","""""","""""",16,0,"""""",16,0,"""""",16,0,"""""",16,0
0,1,1,98,0,0,"""""","""""","""""",16,0,"""""",16,0,"""""",16,0,"""""",16,0
0,1,1,99,0,0,"""""","""""","""""",16,0,"""""",16,0,"""""",16,0,"""""",16,0
0,1,1,100,0,0,"""ｴﾅｼﾞｰﾙ名古屋本社""","""ｴﾅｼﾞ-ﾙﾅｺﾞﾔ""","""05055384031""",20,0,"""""",16,0,"""""",16,0,"""""",16,0
0,1,1,101,0,0,"""ｴﾅｼﾞｰﾙ東京""","""ｴﾅｼﾞ-ﾙﾄｳｷｮｳ""","""0364197076#""",16,0,"""""",16,0,"""""",16,0,"""""",16,0
0,1,1,102,0,0,"""ｴﾅｼﾞｰﾙ大阪""","""ｴﾅｼﾞ-ﾙｵｵｻｶ""","""0662630180#""",16,0,"""""",16,0,"""""",16,0,"""""",16,0
0,1,1,103,0,0,"""ｴﾅｼﾞｰﾙ福岡""","""ｴﾅｼﾞ-ﾙﾌｸｵｶ""","""0924091118#""",16,0,"""""",16,0,"""""",16,0,"""""",16,0
0,1,1,104,0,0,"""""","""""","""""",16,0,"""""",16,0,"""""",16,0,"""""",16,0
0,1,1,105,0,0,"""""","""""","""""",16,0,"""""",16,0,"""""",16,0,"""""",16,0
0,1,1,106,0,0,"""""","""""","""""",16,0,"""""",16,0,"""""",16,0,"""""",16,0
0,1,1,107,0,0,"""ｴﾅｼﾞｰﾙ中村社長""","""ｴﾅｼﾞ-ﾙﾅｶﾑﾗｼｬ""","""07013696713""",17,0,"""""",16,0,"""""",16,0,"""""",16,0
0,1,1,108,0,0,"""ティーヴイフーズ""","""ﾃｨｰｳﾞｲｰﾌｰｽﾞ""","""0527733979#""",16,0,"""""",16,0,"""""",16,0,"""""",16,0
0,1,1,109,0,0,"""ＴＶフーズ17時以降""","""ﾃｨｰｳﾞｲ 17ｼﾞ""","""0527733975#""",16,0,"""""",16,0,"""""",16,0,"""""",16,0
0,1,1,110,0,0,"""エイトリンク""","""ｴｲﾄﾘﾝｸ""","""0529505580""",20,0,"""""",16,0,"""""",16,0,"""""",16,0
0,1,1,111,0,0,"""ｴｲﾄﾘﾝｸ代表 永井""","""ｴｲﾄﾘﾝｸﾀﾞｲﾋｮｳ""","""08048430318""",17,0,"""""",16,0,"""""",16,0,"""""",16,0
0,1,1,112,0,0,"""""","""""","""""",16,0,"""""",16,0,"""""",16,0,"""""",16,0
0,1,1,113,0,0,"""ｵｰﾙｼｽﾃﾑ名古屋本社""","""ｵｰﾙｼｽﾃﾑﾅｺﾞﾔﾎ""","""0522205250#""",16,0,"""""",16,0,"""""",16,0,"""""",16,0
0,1,1,114,0,0,"""オールシステム新本""","""ｵｰﾙｼｽﾃﾑ ｱﾗﾓﾄ""","""09078263811#""",16,0,"""""",16,0,"""""",16,0,"""""",16,0
0,1,1,115,0,0,"""ｵｰﾙｼｽﾃﾑ福岡営業所""","""ｵ-ﾙｼｽﾃﾑﾌｸｵｶ""","""0922840202""",20,0,"""""",16,0,"""""",16,0,"""""",16,0
0,1,1,116,0,0,"""""","""""","""""",16,0,"""""",16,0,"""""",16,0,"""""",16,0
0,1,1,117,0,0,"""""","""""","""""",16,0,"""""",16,0,"""""",16,0,"""""",16,0
0,1,1,118,0,0,"""""","""""","""""",16,0,"""""",16,0,"""""",16,0,"""""",16,0
0,1,1,119,0,0,"""""","""""","""""",16,0,"""""",16,0,"""""",16,0,"""""",16,0
0,1,1,120,0,0,"""""","""""","""""",16,0,"""""",16,0,"""""",16,0,"""""",16,0
0,1,1,121,0,0,"""""","""""","""""",16,0,"""""",16,0,"""""",16,0,"""""",16,0
0,1,1,122,0,0,"""""","""""","""""",16,0,"""""",16,0,"""""",16,0,"""""",16,0
0,1,1,123,0,0,"""""","""""","""""",16,0,"""""",16,0,"""""",16,0,"""""",16,0
0,1,1,124,0,0,"""東都ﾌｨﾅﾝｼｬﾙｻ""","""ﾄｳﾄFS""","""0369088525#""",16,0,"""""",16,0,"""""",16,0,"""""",16,0
0,1,1,125,0,0,"""東都ＦＳ高田社長""","""ﾄｳﾄFS ﾀｶﾀﾞ""","""09045650469#""",16,0,"""""",16,0,"""""",16,0,"""""",16,0
0,1,1,126,0,0,"""""","""""","""""",16,0,"""""",16,0,"""""",16,0,"""""",16,0
0,1,1,127,0,0,"""""","""""","""""",16,0,"""""",16,0,"""""",16,0,"""""",16,0
0,1,1,128,0,0,"""""","""""","""""",16,0,"""""",16,0,"""""",16,0,"""""",16,0
0,1,1,129,0,0,"""""","""""","""""",16,0,"""""",16,0,"""""",16,0,"""""",16,0
0,1,1,130,0,0,"""""","""""","""""",16,0,"""""",16,0,"""""",16,0,"""""",16,0
0,1,1,131,0,0,"""""","""""","""""",16,0,"""""",16,0,"""""",16,0,"""""",16,0
0,1,1,132,0,0,"""""","""""","""""",16,0,"""""",16,0,"""""",16,0,"""""",16,0
0,1,1,133,0,0,"""""","""""","""""",16,0,"""""",16,0,"""""",16,0,"""""",16,0
0,1,1,134,0,0,"""""","""""","""""",16,0,"""""",16,0,"""""",16,0,"""""",16,0
0,1,1,135,0,0,"""""","""""","""""",16,0,"""""",16,0,"""""",16,0,"""""",16,0
0,1,1,136,0,0,"""MEグローバル平岡""","""ｴﾑｲｰｸﾞﾛｰﾋﾗｵｶ""","""09026580002#""",16,0,"""""",16,0,"""""",16,0,"""""",16,0
0,1,1,137,0,0,"""MEグローバル平田""","""""","""09048444245#""",16,0,"""""",16,0,"""""",16,0,"""""",16,0
0,1,1,138,0,0,"""エスケイ通信""","""ｴｽｹｲﾂｳｼﾝ""","""0366945663#""",16,0,"""""",16,0,"""""",16,0,"""""",16,0
0,1,1,139,0,0,"""エスケイ通信宇井専務""","""ｴｽｹｲﾂｳｼﾝ ｳｲ""","""09072155550#""",16,0,"""""",16,0,"""""",16,0,"""""",16,0
0,1,1,140,0,0,"""""","""""","""""",16,0,"""""",16,0,"""""",16,0,"""""",16,0
0,1,1,141,0,0,"""""","""""","""""",16,0,"""""",16,0,"""""",16,0,"""""",16,0
0,1,1,142,0,0,"""""","""""","""""",16,0,"""""",16,0,"""""",16,0,"""""",16,0
0,1,1,143,0,0,"""""","""""","""""",16,0,"""""",16,0,"""""",16,0,"""""",16,0
0,1,1,144,0,0,"""""","""""","""""",16,0,"""""",16,0,"""""",16,0,"""""",16,0
0,1,1,145,0,0,"""""","""""","""""",16,0,"""""",16,0,"""""",16,0,"""""",16,0
0,1,1,146,0,0,"""""","""""","""""",16,0,"""""",16,0,"""""",16,0,"""""",16,0
0,1,1,147,0,0,"""""","""""","""""",16,0,"""""",16,0,"""""",16,0,"""""",16,0
0,1,1,148,0,0,"""""","""""","""""",16,0,"""""",16,0,"""""",16,0,"""""",16,0
0,1,1,149,0,0,"""""","""""","""""",16,0,"""""",16,0,"""""",16,0,"""""",16,0
0,1,1,150,0,0,"""芳裳苑""","""ﾎｳｼｮｳｴﾝ""","""0522013055#""",20,0,"""""",16,0,"""""",16,0,"""""",16,0
0,1,1,151,0,0,"""ﾌｧｯｼｮﾝﾌﾞﾗｲﾀﾞﾙリブレ""","""ﾘﾌﾞﾚ""","""0927104455""",20,0,"""""",16,0,"""""",16,0,"""""",16,0
0,1,1,152,0,0,"""KIMONO STYLE美矢""","""ｷﾓﾉｽﾀｲﾙ ﾐﾔ""","""0453258118#""",20,0,"""""",16,0,"""""",16,0,"""""",16,0
0,1,1,153,0,0,"""""","""""","""""",16,0,"""""",16,0,"""""",16,0,"""""",16,0
0,1,1,154,0,0,"""ガラシャ梅田本店""","""ｶﾞﾗｼｬｳﾒﾀﾞﾎﾝﾃ""","""0663665451""",24,0,"""""",16,0,"""""",16,0,"""""",16,0
0,1,1,155,0,0,"""ガラシャ神戸三宮店""","""ｶﾞﾗｼｬｺｳﾍﾞｻﾝﾉ""","""0783271283""",24,0,"""""",16,0,"""""",16,0,"""""",16,0
0,1,1,156,0,0,"""ガラシャ岡山駅前店""","""ｶﾞﾗｼｬｵｶﾔﾏｴｷﾏ""","""0862123737""",24,0,"""""",16,0,"""""",16,0,"""""",16,0
0,1,1,157,0,0,"""ｴｽﾃｽｸｰﾙガラシャ""","""ｴｽﾃｽｸ-ﾙｶﾞﾗｼｬ""","""0663665177""",24,0,"""""",16,0,"""""",16,0,"""""",16,0
0,1,1,158,0,0,"""ガラシャ天王寺店""","""ｶﾞﾗｼｬﾃﾝﾉｳｼﾞﾃ""","""0666351717""",20,0,"""""",16,0,"""""",16,0,"""""",16,0
0,1,1,159,0,0,"""ﾗｲｾﾝｽｽｸｰﾙｺｰﾎﾟﾚｰｼｮﾝ""","""ﾗｲｾﾝｽｽｸ-ﾙ""","""0753420477""",20,0,"""""",16,0,"""""",16,0,"""""",16,0
0,1,1,160,0,0,"""""","""""","""""",16,0,"""""",16,0,"""""",16,0,"""""",16,0
0,1,1,161,0,0,"""""","""""","""""",16,0,"""""",16,0,"""""",16,0,"""""",16,0
0,1,1,162,0,0,"""エグゼ：浄水器""","""ｴｸﾞｾﾞ""","""0338341820""",20,0,"""""",16,0,"""""",16,0,"""""",16,0
0,1,1,163,0,0,"""""","""""","""""",16,0,"""""",16,0,"""""",16,0,"""""",16,0
0,1,1,164,0,0,"""""","""""","""""",16,0,"""""",16,0,"""""",16,0,"""""",16,0
0,1,1,165,0,0,"""""","""""","""""",16,0,"""""",16,0,"""""",16,0,"""""",16,0
0,1,1,166,0,0,"""""","""""","""""",16,0,"""""",16,0,"""""",16,0,"""""",16,0
0,1,1,167,0,0,"""""","""""","""""",16,0,"""""",16,0,"""""",16,0,"""""",16,0
0,1,1,168,0,0,"""""","""""","""""",16,0,"""""",16,0,"""""",16,0,"""""",16,0
0,1,1,169,0,0,"""ﾗｲｾﾝｽｽｸｰﾙｺｰﾎﾟﾚｰｼｮﾝ""","""ﾗｲｾﾝｽｽｸ-ﾙｺ-ﾎ""","""0753420477""",20,0,"""""",16,0,"""""",16,0,"""""",16,0
0,1,1,170,0,0,"""FAVORIX""","""ﾌｪｲﾊﾞﾘｯｸｽ""","""0363020977""",20,0,"""""",16,0,"""""",16,0,"""""",16,0
0,1,1,171,0,0,"""""","""""","""""",16,0,"""""",16,0,"""""",16,0,"""""",16,0
0,1,1,172,0,0,"""ﾌｪｲﾊﾞﾘｯｸｽﾈｯﾄﾜ-ｸｽ""","""ﾌｪｲﾊﾞﾘｯｸｽﾈｯ""","""0927372500""",20,0,"""""",16,0,"""""",16,0,"""""",16,0
0,1,1,173,0,0,"""""","""""","""""",16,0,"""""",16,0,"""""",16,0,"""""",16,0
0,1,1,174,0,0,"""""","""""","""""",16,0,"""""",16,0,"""""",16,0,"""""",16,0
0,1,1,175,0,0,"""""","""""","""""",16,0,"""""",16,0,"""""",16,0,"""""",16,0
0,1,1,176,0,0,"""ﾋﾞｭｰﾃｨｰMORE本店""","""ﾋﾞｭ-ﾃｨ-ﾓｱ""","""0479627030""",20,0,"""""",16,0,"""""",16,0,"""""",16,0
0,1,1,177,0,0,"""ﾋﾞｭｰﾃｨｰMORE三条店""","""ﾋﾞｭ-ﾃｨ-ﾓｱｻﾝｼ""","""0256334401""",20,0,"""""",16,0,"""""",16,0,"""""",16,0
0,1,1,178,0,0,"""ﾋﾞｭｰﾃｨｰMORE長岡店""","""ﾋﾞｭ-ﾃｨ-ﾓｱﾅｶﾞ""","""0258880061""",20,0,"""""",16,0,"""""",16,0,"""""",16,0
0,1,1,179,0,0,"""ﾋﾞｭｰﾃｨｰMORE富里店""","""ﾋﾞｭ-ﾃｨ-ﾓｱﾅｶﾞ""","""0476373314""",20,0,"""""",16,0,"""""",16,0,"""""",16,0
0,1,1,180,0,0,"""今巴里""","""ｺﾝﾊﾟﾘ""","""0429294488""",20,0,"""""",16,0,"""""",16,0,"""""",16,0
0,1,1,181,0,0,"""""","""""","""""",16,0,"""""",16,0,"""""",16,0,"""""",16,0
0,1,1,182,0,0,"""僕らのゆめ(呉服)""","""ﾎﾞｸﾗﾉﾕﾒ""","""0522629911""",20,0,"""""",16,0,"""""",16,0,"""""",16,0
0,1,1,183,0,0,"""""","""""","""""",16,0,"""""",16,0,"""""",16,0,"""""",16,0
0,1,1,184,0,0,"""ﾀｲﾑ ｲｽﾞ ﾗｲﾌ(寝具)""","""ﾀｲﾑ ｲｽﾞ ﾗｲﾌ""","""0664183337""",20,0,"""""",16,0,"""""",16,0,"""""",16,0
0,1,1,185,0,0,"""""","""""","""""",16,0,"""""",16,0,"""""",16,0,"""""",16,0
0,1,1,186,0,0,"""ﾈｸｻｽｼﾞｬﾊﾟﾝ(浄水器)""","""ﾈｸｻｽｼﾞｬﾊﾟﾝ""","""0524629235""",20,0,"""""",16,0,"""""",16,0,"""""",16,0
0,1,1,187,0,0,"""""","""""","""""",16,0,"""""",16,0,"""""",16,0,"""""",16,0
0,1,1,188,0,0,"""""","""""","""""",16,0,"""""",16,0,"""""",16,0,"""""",16,0
0,1,1,189,0,0,"""クリード(SOF関連)""","""ｸﾘ-ﾄﾞ""","""0354567366""",20,0,"""""",16,0,"""""",16,0,"""""",16,0
0,1,1,190,0,0,"""""","""""","""""",16,0,"""""",16,0,"""""",16,0,"""""",16,0
0,1,1,191,0,0,"""""","""""","""""",16,0,"""""",16,0,"""""",16,0,"""""",16,0
0,1,1,192,0,0,"""""","""""","""""",16,0,"""""",16,0,"""""",16,0,"""""",16,0
0,1,1,193,0,0,"""""","""""","""""",16,0,"""""",16,0,"""""",16,0,"""""",16,0
0,1,1,194,0,0,"""リアン本社(エステ)""","""ﾘｱﾝﾎﾝｼｬﾎﾝｼ""","""0927375688""",20,0,"""""",16,0,"""""",16,0,"""""",16,0
0,1,1,195,0,0,"""""","""""","""""",16,0,"""""",16,0,"""""",16,0,"""""",16,0
0,1,1,196,0,0,"""ｵﾌｨｽ ﾌﾘｰｽﾀｲﾙ(芸能)""","""ｵﾌｨｽﾌﾘ-ｽﾀｲﾙ""","""0582010763""",20,0,"""""",16,0,"""""",16,0,"""""",16,0
0,1,1,197,0,0,"""""","""""","""""",16,0,"""""",16,0,"""""",16,0,"""""",16,0
0,1,1,198,0,0,"""""","""""","""""",16,0,"""""",16,0,"""""",16,0,"""""",16,0
0,1,1,199,0,0,"""""","""""","""""",16,0,"""""",16,0,"""""",16,0,"""""",16,0
0,1,1,200,0,0,"""ﾘﾝｸ経理部森本""","""ﾘﾝｸｹｲﾘﾓﾘﾓﾄ""","""0335637484#""",20,0,"""""",16,0,"""""",16,0,"""""",16,0
0,1,1,201,0,0,"""ﾘﾝｸ監査室室長山上""","""ﾘﾝｸｶﾝｻｼﾂﾔﾏｶﾞ""","""0335637477#""",16,0,"""""",16,0,"""""",16,0,"""""",16,0
0,1,1,202,0,0,"""00１ﾘﾝｸ金山""","""ﾘﾝｸｶﾅﾔﾏ""","""0523230222#""",16,0,"""""",16,0,"""""",16,0,"""""",16,0
0,1,1,203,0,0,"""003ﾘﾝｸ名古屋駅""","""ﾘﾝｸﾅｺﾞﾔｴｷﾏｴ""","""0525830222#""",16,0,"""""",16,0,"""""",16,0,"""""",16,0
0,1,1,204,0,0,"""006ﾘﾝｸトヨタ""","""ﾘﾝｸﾄﾖﾀ""","""0565350222#""",16,0,"""""",16,0,"""""",16,0,"""""",16,0
0,1,1,205,0,0,"""016ﾘﾝｸイオンモ""","""ﾘﾝｸｲｵﾝﾓｰﾙﾅｺﾞ""","""0523875088#""",16,0,"""""",16,0,"""""",16,0,"""""",16,0
0,1,1,206,0,0,"""018ﾘﾝｸ多治見""","""ﾘﾝｸﾀｼﾞﾐ""","""0572240222#""",16,0,"""""",16,0,"""""",16,0,"""""",16,0
0,1,1,207,0,0,"""022ﾘﾝｸテックラ""","""ﾘﾝｸﾃｯｸﾗﾝﾄﾞﾎｼ""","""0527837711#""",16,0,"""""",16,0,"""""",16,0,"""""",16,0
0,1,1,208,0,0,"""027ﾘﾝｸ東岡崎""","""ﾘﾝｸﾋｶﾞｼｵｶｻﾞｷ""","""0564280021#""",16,0,"""""",16,0,"""""",16,0,"""""",16,0
0,1,1,209,0,0,"""028ﾘﾝｸアクアウ""","""ﾘﾝｸｱｸｱｳｫｰｸｵｵ""","""0584833325#""",16,0,"""""",16,0,"""""",16,0,"""""",16,0
0,1,1,210,0,0,"""029ﾘﾝｸサントム""","""ﾘﾝｸｻﾝﾄﾑｰﾝｶｷﾀ""","""0559415559#""",16,0,"""""",16,0,"""""",16,0,"""""",16,0
0,1,1,211,0,0,"""038ﾘﾝｸイオン焼""","""ﾘﾝｸｲｵﾝﾔｲｽﾞ""","""0546560771#""",16,0,"""""",16,0,"""""",16,0,"""""",16,0
0,1,1,212,0,0,"""042ﾘﾝｸ紙屋町""","""ﾘﾝｸｶﾐﾔﾁｮｳ""","""0822461088""",20,0,"""""",16,0,"""""",16,0,"""""",16,0
0,1,1,213,0,0,"""044ﾘﾝｸ泉中央""","""ﾘﾝｸｲｽﾞﾐﾁｭｳｵｳ""","""0223718005#""",16,0,"""""",16,0,"""""",16,0,"""""",16,0
0,1,1,214,0,0,"""047ﾘﾝｸ錦糸町""","""ﾘﾝｸｷﾝｼﾁｮｳ""","""0356378235#""",16,0,"""""",16,0,"""""",16,0,"""""",16,0
0,1,1,215,0,0,"""048ﾘﾝｸエアポー""","""ﾘﾝｸｴｱﾎﾟｰﾄｳｫｰ""","""0568545688#""",16,0,"""""",16,0,"""""",16,0,"""""",16,0
0,1,1,216,0,0,"""056ﾘﾝｸ立川""","""ﾘﾝｸﾀﾁｶﾜ""","""0425230022#""",16,0,"""""",16,0,"""""",16,0,"""""",16,0
0,1,1,217,0,0,"""059ﾘﾝｸ横浜""","""ﾘﾝｸﾖｺﾊﾏ""","""0453247777#""",16,0,"""""",16,0,"""""",16,0,"""""",16,0
0,1,1,218,0,0,"""068ﾘﾝｸ池袋""","""ﾘﾝｸｲｹﾌﾞｸﾛ""","""0359854168#""",16,0,"""""",16,0,"""""",16,0,"""""",16,0
0,1,1,219,0,0,"""070ﾘﾝｸ川崎ルフロン""","""ﾘﾝｸｶﾜｻｷﾙﾌﾛﾝ""","""0442011451""",20,0,"""""",16,0,"""""",16,0,"""""",16,0
0,1,1,220,0,0,"""072ﾘﾝｸプレ葉ウ""","""ﾘﾝｸﾌﾟﾚﾊｳｫｰｸﾊ""","""0535850007#""",16,0,"""""",16,0,"""""",16,0,"""""",16,0
0,1,1,221,0,0,"""073ﾘﾝｸ梅田""","""ﾘﾝｸｳﾒﾀﾞ""","""0663421860#""",20,0,"""""",16,0,"""""",16,0,"""""",16,0
0,1,1,222,0,0,"""079ﾘﾝｸララガー""","""ﾘﾝｸﾗﾗｶﾞｰﾃﾞﾝｶ""","""0488768884#""",16,0,"""""",16,0,"""""",16,0,"""""",16,0
0,1,1,223,0,0,"""085ﾘﾝｸ仙台駅前""","""ﾘﾝｸｾﾝﾀﾞｲｴｷﾏｴ""","""0227150711#""",16,0,"""""",16,0,"""""",16,0,"""""",16,0
0,1,1,224,0,0,"""087ﾘﾝｸ柏駅前""","""ﾘﾝｸｶｼﾜｴｷﾏｴ""","""0471660200#""",16,0,"""""",16,0,"""""",16,0,"""""",16,0
0,1,1,225,0,0,"""092ﾘﾝｸ新百合ヶ""","""ﾘﾝｸｼﾝﾕﾘｶﾞｵｶ""","""0449520888#""",16,0,"""""",16,0,"""""",16,0,"""""",16,0
0,1,1,226,0,0,"""093ﾘﾝｸ自由が丘""","""ﾘﾝｸｼﾞﾕｳｶﾞｵｶ""","""0357293388#""",16,0,"""""",16,0,"""""",16,0,"""""",16,0
0,1,1,227,0,0,"""095ﾘﾝｸ熊谷""","""ﾘﾝｸｸﾏｶﾞﾔ""","""0485227333#""",16,0,"""""",16,0,"""""",16,0,"""""",16,0
0,1,1,228,0,0,"""102ﾘﾝｸイオンモ""","""ﾘﾝｸｲｵﾝﾓｰﾙﾌｼﾞ""","""0544250777#""",16,0,"""""",16,0,"""""",16,0,"""""",16,0
0,1,1,229,0,0,"""103ﾘﾝｸ福島""","""ﾘﾝｸﾌｸｼﾏ""","""0245739654#""",16,0,"""""",16,0,"""""",16,0,"""""",16,0
0,1,1,230,0,0,"""108ﾘﾝｸ藤沢""","""ﾘﾝｸﾌｼﾞｻﾜ""","""0466261133#""",16,0,"""""",16,0,"""""",16,0,"""""",16,0
0,1,1,231,0,0,"""114ﾘﾝｸ枚方""","""ﾘﾝｸﾋﾗｶﾀ""","""0728430888#""",16,0,"""""",16,0,"""""",16,0,"""""",16,0
0,1,1,232,0,0,"""115ﾘﾝｸイオン茨""","""ﾘﾝｸｲｵﾝｲﾊﾞﾗｷ""","""0726273337#""",16,0,"""""",16,0,"""""",16,0,"""""",16,0
0,1,1,233,0,0,"""122ﾘﾝｸ浦和パル""","""ﾘﾝｸｳﾗﾜﾊﾟﾙｺ""","""0487113011#""",16,0,"""""",16,0,"""""",16,0,"""""",16,0
0,1,1,234,0,0,"""123ﾘﾝｸ三ノ宮""","""ﾘﾝｸｻﾝﾉﾐﾔ""","""0782420030#""",16,0,"""""",16,0,"""""",16,0,"""""",16,0
0,1,1,235,0,0,"""125ﾘﾝｸ京橋""","""ﾘﾝｸｷｮｳﾊﾞｼ""","""0668825588#""",16,0,"""""",16,0,"""""",16,0,"""""",16,0
0,1,1,236,0,0,"""131ﾘﾝｸ川越モデ""","""ﾘﾝｸｶﾜｺﾞｴﾓﾃﾞｨ""","""0492292228#""",16,0,"""""",16,0,"""""",16,0,"""""",16,0
0,1,1,237,0,0,"""132ﾘﾝｸ赤羽""","""ﾘﾝｸｱｶﾊﾞﾈ""","""0335980007#""",16,0,"""""",16,0,"""""",16,0,"""""",16,0
0,1,1,238,0,0,"""134ﾘﾝｸ所沢""","""ﾘﾝｸﾄｺﾛｻﾞﾜ""","""0429247770#""",16,0,"""""",16,0,"""""",16,0,"""""",16,0
0,1,1,239,0,0,"""137ﾘﾝｸ札幌大通""","""ﾘﾝｸｻｯﾎﾟﾛｵｵﾄﾞ""","""0112186310#""",16,0,"""""",16,0,"""""",16,0,"""""",16,0
0,1,1,240,0,0,"""141ﾘﾝｸあべのキ""","""ﾘﾝｸｱﾍﾞﾉｷｭｰｽﾞ""","""0643948250#""",16,0,"""""",16,0,"""""",16,0,"""""",16,0
0,1,1,241,0,0,"""145ﾘﾝｸ調布""","""ﾘﾝｸﾁｮｳﾌ""","""0424990055#""",16,0,"""""",16,0,"""""",16,0,"""""",16,0
0,1,1,242,0,0,"""146ﾘﾝｸ町田""","""ﾘﾝｸﾏﾁﾀﾞ""","""0427245550#""",16,0,"""""",16,0,"""""",16,0,"""""",16,0
0,1,1,243,0,0,"""147ﾘﾝｸイオンモ""","""ﾘﾝｸｲｵﾝﾓｰﾙｽｽﾞ""","""0593707771#""",16,0,"""""",16,0,"""""",16,0,"""""",16,0
0,1,1,244,0,0,"""160ﾘﾝｸ銀座コア""","""ﾘﾝｸｷﾞﾝｻﾞｺｱIC""","""0335741333#""",16,0,"""""",16,0,"""""",16,0,"""""",16,0
0,1,1,245,0,0,"""166ﾘﾝｸ溝の口""","""ﾘﾝｸﾐｿﾞﾉｸﾁ""","""0448522226#""",16,0,"""""",16,0,"""""",16,0,"""""",16,0
0,1,1,246,0,0,"""172ﾘﾝｸ大井町""","""ﾘﾝｸｵｵｲﾏﾁ""","""0337713331#""",16,0,"""""",16,0,"""""",16,0,"""""",16,0
0,1,1,247,0,0,"""175ﾘﾝｸ上大岡""","""ﾘﾝｸｶﾐｵｵｵｶ""","""0458430010#""",16,0,"""""",16,0,"""""",16,0,"""""",16,0
0,1,1,248,0,0,"""176ﾘﾝｸマーサ２""","""ﾘﾝｸﾏｰｻ21""","""0582146355#""",16,0,"""""",16,0,"""""",16,0,"""""",16,0
0,1,1,249,0,0,"""178ﾘﾝｸ小倉""","""ﾘﾝｸｺｸﾗ""","""0935118880#""",16,0,"""""",16,0,"""""",16,0,"""""",16,0
0,1,1,250,0,0,"""180ﾘﾝｸイオンモ""","""ﾘﾝｸｲｵﾝﾓｰﾙﾁｸ""","""0924011038#""",16,0,"""""",16,0,"""""",16,0,"""""",16,0
0,1,1,251,0,0,"""183ﾘﾝｸ新宿ＩＣ""","""ﾘﾝｸｼﾝｼﾞｭｸICT""","""0353222223#""",16,0,"""""",16,0,"""""",16,0,"""""",16,0
0,1,1,252,0,0,"""184ﾘﾝｸ津田沼""","""ﾘﾝｸﾂﾀﾞﾇﾏ""","""0474770700#""",16,0,"""""",16,0,"""""",16,0,"""""",16,0
0,1,1,253,0,0,"""204ﾘﾝｸ成増""","""ﾘﾝｸﾅﾘﾏｽ""","""0339758855#""",16,0,"""""",16,0,"""""",16,0,"""""",16,0
0,1,1,254,0,0,"""205ﾘﾝｸ天神""","""ﾘﾝｸﾃﾝｼﾞﾝ""","""0924033550#""",16,0,"""""",16,0,"""""",16,0,"""""",16,0
0,1,1,255,0,0,"""217ﾘﾝｸ吉祥寺駅""","""ﾘﾝｸｷﾁｼﾞｮｳｼﾞｴ""","""0422272485#""",16,0,"""""",16,0,"""""",16,0,"""""",16,0
0,1,1,256,0,0,"""219ﾘﾝｸイオンモ""","""ﾘﾝｸｲｵﾝﾓｰﾙｸｻﾂ""","""0775188290#""",16,0,"""""",16,0,"""""",16,0,"""""",16,0
0,1,1,257,0,0,"""223ﾘﾝｸ渋谷校""","""ﾘﾝｸｼﾌﾞﾔｺｳ""","""0364273180""",20,0,"""""",16,0,"""""",16,0,"""""",16,0
0,1,1,258,0,0,"""234ﾘﾝｸ五反田""","""ﾘﾝｸｺﾞﾀﾝﾀﾞ""","""0334457776#""",16,0,"""""",16,0,"""""",16,0,"""""",16,0
0,1,1,259,0,0,"""238ﾘﾝｸイオン四""","""ﾘﾝｸｲｵﾝﾖｯｶｲﾁｵ""","""0593300001#""",16,0,"""""",16,0,"""""",16,0,"""""",16,0
0,1,1,260,0,0,"""241ﾘﾝｸイオンモ""","""ﾘﾝｸｲｵﾝﾓｰﾙﾌｿｳ""","""0587936622#""",16,0,"""""",16,0,"""""",16,0,"""""",16,0
0,1,1,261,0,0,"""242ﾘﾝｸ岡山駅前""","""ﾘﾝｸｵｶﾔﾏｴｷﾏｴ""","""0862330002#""",16,0,"""""",16,0,"""""",16,0,"""""",16,0
0,1,1,262,0,0,"""250ﾘﾝｸアル・プ""","""ﾘﾝｸｱﾙﾌﾟﾗｻﾞｶﾅ""","""0762608188#""",16,0,"""""",16,0,"""""",16,0,"""""",16,0
0,1,1,263,0,0,"""251ﾘﾝｸアルパー""","""ﾘﾝｸｱﾙﾊﾟｰｸ""","""0825016662#""",16,0,"""""",16,0,"""""",16,0,"""""",16,0
0,1,1,264,0,0,"""252ﾘﾝｸアピタ稲""","""ﾘﾝｸｱﾋﾟﾀｲﾅｻﾞﾜ""","""0587213331#""",16,0,"""""",16,0,"""""",16,0,"""""",16,0
0,1,1,265,0,0,"""254ﾘﾝｸゆめタウ""","""ﾘﾝｸﾕﾒﾀｳﾝｸﾚ""","""0823241113#""",16,0,"""""",16,0,"""""",16,0,"""""",16,0
0,1,1,266,0,0,"""262ﾘﾝｸイオモー""","""ﾘﾝｸｲｵﾝﾓｰﾙｸﾗｼ""","""0864412667#""",16,0,"""""",16,0,"""""",16,0,"""""",16,0
0,1,1,267,0,0,"""267ﾘﾝｸイオンモ""","""ﾘﾝｸｲｵﾝﾓｰﾙﾘﾌ""","""0227672555#""",16,0,"""""",16,0,"""""",16,0,"""""",16,0
0,1,1,268,0,0,"""268ﾘﾝｸ日吉東急""","""ﾘﾝｸﾋﾖｼﾄｳｷｭｳ""","""0455606662#""",16,0,"""""",16,0,"""""",16,0,"""""",16,0
0,1,1,269,0,0,"""271ﾘﾝｸイオンモ""","""ﾘﾝｸｲｵﾝﾓｰﾙﾘﾝｸ""","""0724478930#""",16,0,"""""",16,0,"""""",16,0,"""""",16,0
0,1,1,270,0,0,"""272ﾘﾝｸ福山""","""ﾘﾝｸﾌｸﾔﾏ""","""0849733772#""",16,0,"""""",16,0,"""""",16,0,"""""",16,0
0,1,1,271,0,0,"""273ﾘﾝｸイオン豊""","""ﾘﾝｸｲｵﾝﾄﾖﾊｼﾐﾅ""","""0532258820#""",16,0,"""""",16,0,"""""",16,0,"""""",16,0
0,1,1,272,0,0,"""276ﾘﾝｸ千里中央""","""ﾘﾝｸｾﾝﾘﾁｭｳｵｳ""","""0663198150#""",16,0,"""""",16,0,"""""",16,0,"""""",16,0
0,1,1,273,0,0,"""277ﾘﾝｸゆめタウ""","""ﾘﾝｸﾕﾒﾀｳﾝﾊｶﾀ""","""0926430020#""",16,0,"""""",16,0,"""""",16,0,"""""",16,0
0,1,1,274,0,0,"""293ﾘﾝｸ王寺""","""ﾘﾝｸｵｳｼﾞ""","""0745310666#""",16,0,"""""",16,0,"""""",16,0,"""""",16,0
0,1,1,275,0,0,"""296ﾘﾝｸＬｐａ福""","""ﾘﾝｸLpaﾌｸｲ""","""0776572333#""",16,0,"""""",16,0,"""""",16,0,"""""",16,0
0,1,1,276,0,0,"""297ﾘﾝｸイオン三""","""ﾘﾝｸｲｵﾝｻﾝﾀﾞｳｯ""","""0795640666#""",16,0,"""""",16,0,"""""",16,0,"""""",16,0
0,1,1,277,0,0,"""300ﾘﾝｸマーゴ関""","""ﾘﾝｸﾏｰｺﾞｾｷ""","""0575252777#""",16,0,"""""",16,0,"""""",16,0,"""""",16,0
0,1,1,278,0,0,"""301ﾘﾝｸ静岡ペガ""","""ﾘﾝｸｼｽﾞｵｶﾍﾟｶﾞ""","""0542217000#""",16,0,"""""",16,0,"""""",16,0,"""""",16,0
0,1,1,279,0,0,"""314ﾘﾝｸ川西""","""ﾘﾝｸｶﾜﾆｼ""","""0727598885#""",16,0,"""""",16,0,"""""",16,0,"""""",16,0
0,1,1,280,0,0,"""318ﾘﾝｸ上野""","""ﾘﾝｸｳｴﾉ""","""0338340222#""",16,0,"""""",16,0,"""""",16,0,"""""",16,0
0,1,1,281,0,0,"""325ﾘﾝｸイオン西""","""ﾘﾝｸｲｵﾝﾆｼｱﾗｲ""","""0338408885#""",16,0,"""""",16,0,"""""",16,0,"""""",16,0
0,1,1,282,0,0,"""328ﾘﾝｸイオンタ""","""ﾘﾝｸｲｵﾝﾀｳﾝﾂｼﾛ""","""0592590010#""",16,0,"""""",16,0,"""""",16,0,"""""",16,0
0,1,1,283,0,0,"""330ﾘﾝｸイオン海""","""ﾘﾝｸｲｵﾝｴﾋﾞﾅ""","""0462348818#""",16,0,"""""",16,0,"""""",16,0,"""""",16,0
0,1,1,284,0,0,"""332ﾘﾝｸダイエー""","""ﾘﾝｸﾀﾞｲｴｰｺｳｼｴ""","""0798437771#""",16,0,"""""",16,0,"""""",16,0,"""""",16,0
0,1,1,285,0,0,"""333ﾘﾝｸピオレ姫""","""ﾘﾝｸﾋﾟｵﾚﾋﾒｼﾞ""","""0792406095#""",16,0,"""""",16,0,"""""",16,0,"""""",16,0
0,1,1,286,0,0,"""345ﾘﾝｸ北大路ビ""","""ﾘﾝｸｷﾀｵｵｼﾞﾋﾞﾌ""","""0754938666#""",16,0,"""""",16,0,"""""",16,0,"""""",16,0
0,1,1,287,0,0,"""346ﾘﾝｸつかしん""","""ﾘﾝｸﾂｶｼﾝ""","""0664218881#""",16,0,"""""",16,0,"""""",16,0,"""""",16,0
0,1,1,288,0,0,"""347ﾘﾝｸ西宮北口""","""ﾘﾝｸﾆｼﾉﾐﾔｷﾀｸﾞ""","""0798635550#""",16,0,"""""",16,0,"""""",16,0,"""""",16,0
0,1,1,289,0,0,"""348ﾘﾝｸ明石""","""ﾘﾝｸｱｶｼ""","""0789142666#""",16,0,"""""",16,0,"""""",16,0,"""""",16,0
0,1,1,290,0,0,"""350ﾘﾝｸイオンモ""","""ﾘﾝｸｲｵﾝﾓｰﾙｶｼﾊ""","""0744485610#""",16,0,"""""",16,0,"""""",16,0,"""""",16,0
0,1,1,291,0,0,"""355ﾘﾝｸプリオ豊""","""ﾘﾝｸﾌﾟﾘｵﾄﾖｶﾜ""","""0533892200#""",16,0,"""""",16,0,"""""",16,0,"""""",16,0
0,1,1,292,0,0,"""356ﾘﾝｸイオンタ""","""ﾘﾝｸｲｵﾝﾀｳﾝｺｵﾘ""","""0249421888#""",16,0,"""""",16,0,"""""",16,0,"""""",16,0
0,1,1,293,0,0,"""361ﾘﾝｸ生駒""","""ﾘﾝｸｲｺﾏ""","""0743743666#""",16,0,"""""",16,0,"""""",16,0,"""""",16,0
0,1,1,294,0,0,"""368ﾘﾝｸひばりが""","""ﾘﾝｸﾋﾊﾞﾘｶﾞｵｶｺ""","""0424257787#""",16,0,"""""",16,0,"""""",16,0,"""""",16,0
0,1,1,295,0,0,"""383ﾘﾝｸイオンモ""","""ﾘﾝｸｲｵﾝﾓｰﾙﾀｶﾏ""","""0878425855#""",16,0,"""""",16,0,"""""",16,0,"""""",16,0
0,1,1,296,0,0,"""388ﾘﾝｸザ・モー""","""ﾘﾝｸｻﾞﾓｰﾙｼｭｳ""","""0833445333#""",16,0,"""""",16,0,"""""",16,0,"""""",16,0
0,1,1,297,0,0,"""395ﾘﾝｸアピタ鳴""","""ﾘﾝｸｱﾋﾟﾀﾅﾙﾐ""","""0528960220#""",16,0,"""""",16,0,"""""",16,0,"""""",16,0
0,1,1,298,0,0,"""400ﾘﾝｸ大宮アル""","""ﾘﾝｸｵｵﾐﾔｱﾙｼｪI""","""0486401075#""",16,0,"""""",16,0,"""""",16,0,"""""",16,0
0,1,1,299,0,0,"""402ﾘﾝｸゆめタウ""","""ﾘﾝｸﾕﾒﾀｳﾝﾋﾛｼﾏ""","""0822506383#""",16,0,"""""",16,0,"""""",16,0,"""""",16,0
0,1,1,300,0,0,"""403ﾘﾝｸ宇都宮ベ""","""ﾘﾝｸｳﾂﾉﾐﾔﾍﾞﾙﾓ""","""0286785838#""",16,0,"""""",16,0,"""""",16,0,"""""",16,0
0,1,1,301,0,0,"""405ﾘﾝｸ那覇""","""ﾘﾝｸﾅﾊ""","""0988674782""",20,0,"""""",16,0,"""""",16,0,"""""",16,0
0,1,1,302,0,0,"""406ﾘﾝｸ鹿児島""","""ﾘﾝｸｶｺﾞｼﾏ""","""0992225866#""",16,0,"""""",16,0,"""""",16,0,"""""",16,0
0,1,1,303,0,0,"""407ﾘﾝｸ熊本""","""ﾘﾝｸｸﾏﾓﾄ""","""0963247626""",20,0,"""""",16,0,"""""",16,0,"""""",16,0
0,1,1,304,0,0,"""408ﾘﾝｸららぽー""","""ﾘﾝｸﾗﾗﾎﾟｰﾄﾖｺﾊ""","""0455075766#""",16,0,"""""",16,0,"""""",16,0,"""""",16,0
0,1,1,305,0,0,"""409ﾘﾝｸイオンモ""","""ﾘﾝｸｲｵﾝﾓｰﾙｵｵｻ""","""0665567266#""",16,0,"""""",16,0,"""""",16,0,"""""",16,0
0,1,1,306,0,0,"""410ﾘﾝｸ八王子東""","""ﾘﾝｸﾊﾁｵｳｼﾞﾄｳｷ""","""0426601621#""",16,0,"""""",16,0,"""""",16,0,"""""",16,0
0,1,1,307,0,0,"""411ﾘﾝｸ栄""","""ﾘﾝｸｻｶｴ""","""0522498610#""",16,0,"""""",16,0,"""""",16,0,"""""",16,0
0,1,1,308,0,0,"""413ﾘﾝｸ盛岡""","""ﾘﾝｸﾓﾘｵｶ""","""0196263540#""",16,0,"""""",16,0,"""""",16,0,"""""",16,0
0,1,1,309,0,0,"""414ﾘﾝｸ新潟""","""ﾘﾝｸﾆｲｶﾞﾀ""","""0252473374""",20,0,"""""",16,0,"""""",16,0,"""""",16,0
0,1,1,310,0,0,"""417ﾘﾝｸ京都駅前""","""ﾘﾝｸｷｮｳﾄｴｷﾏｴ""","""0753532415#""",16,0,"""""",16,0,"""""",16,0,"""""",16,0
0,1,1,311,0,0,"""418ﾘﾝｸ梅田""","""ﾘﾝｸｳﾒﾀﾞ""","""0663733971#""",16,0,"""""",16,0,"""""",16,0,"""""",16,0
0,1,1,312,0,0,"""419ﾘﾝｸなんば""","""ﾘﾝｸﾅﾝﾊﾞ""","""0662125310#""",16,0,"""""",16,0,"""""",16,0,"""""",16,0
0,1,1,313,0,0,"""420ﾘﾝｸ広島大手""","""ﾘﾝｸﾋﾛｼﾏｵｵﾃﾏﾁ""","""0822468874#""",16,0,"""""",16,0,"""""",16,0,"""""",16,0
0,1,1,314,0,0,"""421ﾘﾝｸ広島紙屋""","""ﾘﾝｸﾋﾛｼﾏｶﾐﾔﾁｮ""","""0822461088#""",16,0,"""""",16,0,"""""",16,0,"""""",16,0
0,1,1,315,0,0,"""422ﾘﾝｸ岡山""","""ﾘﾝｸｵｶﾔﾏ""","""0862359300#""",16,0,"""""",16,0,"""""",16,0,"""""",16,0
0,1,1,316,0,0,"""424ﾘﾝｸ高松""","""ﾘﾝｸﾀｶﾏﾂ""","""0878626668#""",16,0,"""""",16,0,"""""",16,0,"""""",16,0
0,1,1,317,0,0,"""425ﾘﾝｸ高知""","""ﾘﾝｸｺｳﾁ""","""0888201600#""",16,0,"""""",16,0,"""""",16,0,"""""",16,0
0,1,1,318,0,0,"""426ﾘﾝｸ松山""","""ﾘﾝｸﾏﾂﾔﾏ""","""0899217722#""",16,0,"""""",16,0,"""""",16,0,"""""",16,0
0,1,1,319,0,0,"""427ﾘﾝｸ徳島""","""ﾘﾝｸﾄｸｼﾏ""","""0886220163#""",16,0,"""""",16,0,"""""",16,0,"""""",16,0
0,1,1,320,0,0,"""428ﾘﾝｸ黒崎""","""ﾘﾝｸｸﾛｻｷ""","""0936318115#""",16,0,"""""",16,0,"""""",16,0,"""""",16,0
0,1,1,321,0,0,"""429ﾘﾝｸ小倉""","""ﾘﾝｸｺｸﾗ""","""0935215055#""",16,0,"""""",16,0,"""""",16,0,"""""",16,0
0,1,1,322,0,0,"""430ﾘﾝｸ博多""","""ﾘﾝｸﾊｶﾀ""","""0924730277#""",16,0,"""""",16,0,"""""",16,0,"""""",16,0
0,1,1,323,0,0,"""431ﾘﾝｸ久留米""","""ﾘﾝｸｸﾙﾒ""","""0942353383#""",16,0,"""""",16,0,"""""",16,0,"""""",16,0
0,1,1,324,0,0,"""432ﾘﾝｸ佐賀""","""ﾘﾝｸｻｶﾞ""","""0952407477#""",16,0,"""""",16,0,"""""",16,0,"""""",16,0
0,1,1,325,0,0,"""433ﾘﾝｸ長崎""","""ﾘﾝｸﾅｶﾞｻｷ""","""0958232221#""",16,0,"""""",16,0,"""""",16,0,"""""",16,0
0,1,1,326,0,0,"""434ﾘﾝｸ大分""","""ﾘﾝｸｵｵｲﾀ""","""0975381425#""",16,0,"""""",16,0,"""""",16,0,"""""",16,0
0,1,1,327,0,0,"""435ﾘﾝｸ宮崎""","""ﾘﾝｸﾐﾔｻﾞｷ""","""0985298277#""",16,0,"""""",16,0,"""""",16,0,"""""",16,0
0,1,1,328,0,0,"""436ﾘﾝｸ水道橋""","""ﾘﾝｸｽｲﾄﾞｳﾊﾞｼ""","""0338680148#""",16,0,"""""",16,0,"""""",16,0,"""""",16,0
0,1,1,329,0,0,"""437ﾘﾝｸイオンモール名""","""ﾘﾝｸｲｵﾝﾓ-ﾙﾅｺﾞ""","""0523095175""",20,0,"""""",16,0,"""""",16,0,"""""",16,0
0,1,1,330,0,0,"""""","""""","""""",16,0,"""""",16,0,"""""",16,0,"""""",16,0
0,1,1,331,0,0,"""""","""""","""""",16,0,"""""",16,0,"""""",16,0,"""""",16,0
0,1,1,332,0,0,"""""","""""","""""",16,0,"""""",16,0,"""""",16,0,"""""",16,0
0,1,1,333,0,0,"""""","""""","""""",16,0,"""""",16,0,"""""",16,0,"""""",16,0
0,1,1,334,0,0,"""""","""""","""""",16,0,"""""",16,0,"""""",16,0,"""""",16,0
0,1,1,335,0,0,"""""","""""","""""",16,0,"""""",16,0,"""""",16,0,"""""",16,0
0,1,1,336,0,0,"""""","""""","""""",16,0,"""""",16,0,"""""",16,0,"""""",16,0
0,1,1,337,0,0,"""""","""""","""""",16,0,"""""",16,0,"""""",16,0,"""""",16,0
0,1,1,338,0,0,"""""","""""","""""",16,0,"""""",16,0,"""""",16,0,"""""",16,0
0,1,1,339,0,0,"""""","""""","""""",16,0,"""""",16,0,"""""",16,0,"""""",16,0
0,1,1,340,0,0,"""""","""""","""""",16,0,"""""",16,0,"""""",16,0,"""""",16,0
0,1,1,341,0,0,"""""","""""","""""",16,0,"""""",16,0,"""""",16,0,"""""",16,0
0,1,1,342,0,0,"""""","""""","""""",16,0,"""""",16,0,"""""",16,0,"""""",16,0
0,1,1,343,0,0,"""""","""""","""""",16,0,"""""",16,0,"""""",16,0,"""""",16,0
0,1,1,344,0,0,"""""","""""","""""",16,0,"""""",16,0,"""""",16,0,"""""",16,0
0,1,1,345,0,0,"""""","""""","""""",16,0,"""""",16,0,"""""",16,0,"""""",16,0
0,1,1,346,0,0,"""""","""""","""""",16,0,"""""",16,0,"""""",16,0,"""""",16,0
0,1,1,347,0,0,"""""","""""","""""",16,0,"""""",16,0,"""""",16,0,"""""",16,0
0,1,1,348,0,0,"""""","""""","""""",16,0,"""""",16,0,"""""",16,0,"""""",16,0
0,1,1,349,0,0,"""""","""""","""""",16,0,"""""",16,0,"""""",16,0,"""""",16,0
0,1,1,350,0,0,"""ジェノバ 本社6階""","""ｼﾞｪﾉﾊﾞﾎﾝｼﾔ""","""066375500""",20,0,"""""",16,0,"""""",16,0,"""""",16,0
0,1,1,351,0,0,"""ジェノバ本店営業部""","""ｼﾞｪﾉﾊﾞﾎﾝﾃﾝｴｲ""","""0663727271""",20,0,"""""",16,0,"""""",16,0,"""""",16,0
0,1,1,352,0,0,"""ジェノバ姫路支店""","""ｼﾞｪﾉﾊﾞﾋﾒｼﾞｼﾃ""","""0792251561""",20,0,"""""",16,0,"""""",16,0,"""""",16,0
0,1,1,353,0,0,"""ジェノバ福岡支店""","""ｼﾞｪﾉﾊﾞﾌｸｵｶｼﾃ""","""0924822200""",20,0,"""""",16,0,"""""",16,0,"""""",16,0
0,1,1,354,0,0,"""ジェノバ熊本支店""","""ｼﾞｪﾉﾊﾞｸﾏﾓﾄｼﾃ""","""0963530351""",20,0,"""""",16,0,"""""",16,0,"""""",16,0
0,1,1,355,0,0,"""ジェノバ和歌山支店""","""ｼﾞｪﾉﾊﾞﾜｶﾔﾏｼﾃ""","""0734324838""",20,0,"""""",16,0,"""""",16,0,"""""",16,0
0,1,1,356,0,0,"""ジェノバ米子支店""","""ｼﾞｪﾉﾊﾞﾖﾅｺﾞｼﾃ""","""0859220717""",20,0,"""""",16,0,"""""",16,0,"""""",16,0
0,1,1,357,0,0,"""ジェノバ大分支店""","""ｼﾞｪﾉﾊﾞｵｵｲﾀｼﾃ""","""0975134277""",20,0,"""""",16,0,"""""",16,0,"""""",16,0
0,1,1,358,0,0,"""ジェノバ広島支店""","""ｼﾞｪﾉﾊﾞﾋﾛｼﾏｼﾃ""","""0825682417""",20,0,"""""",16,0,"""""",16,0,"""""",16,0
0,1,1,359,0,0,"""ジェノバ神戸支店""","""ｼﾞｪﾉﾊﾞｺｳﾍﾞｼﾃ""","""0786467558""",20,0,"""""",16,0,"""""",16,0,"""""",16,0
0,1,1,360,0,0,"""ジェノバ小倉支店""","""ｼﾞｪﾉﾊﾞｺｸﾗｼﾃﾝ""","""0935315400""",20,0,"""""",16,0,"""""",16,0,"""""",16,0
0,1,1,361,0,0,"""ジェノバ名古屋支店""","""ｼﾞｪﾉﾊﾞﾅｺﾞﾔｼﾃ""","""0528550510""",20,0,"""""",16,0,"""""",16,0,"""""",16,0
0,1,1,362,0,0,"""ジェノバ松山支店""","""ｼﾞｪﾉﾊﾞﾏﾂﾔﾏｼﾃ""","""0899333220""",20,0,"""""",16,0,"""""",16,0,"""""",16,0
0,1,1,363,0,0,"""ジェノバ福山支店""","""ｼﾞｪﾉﾊﾞﾌｸﾔﾏｼﾃ""","""0849315955""",20,0,"""""",16,0,"""""",16,0,"""""",16,0
0,1,1,364,0,0,"""ジェノバ横浜支店""","""ｼﾞｪﾉﾊﾞﾖｺﾊﾏｼﾃ""","""0452904411""",20,0,"""""",16,0,"""""",16,0,"""""",16,0
0,1,1,365,0,0,"""ジェノバ千葉支店""","""ｼﾞｪﾉﾊﾞﾁﾊﾞｼﾃﾝ""","""0432907631""",20,0,"""""",16,0,"""""",16,0,"""""",16,0
0,1,1,366,0,0,"""ジェノバ宇都宮支店""","""ｼﾞｪﾉﾊﾞｳﾂﾉﾐﾔｼ""","""0286516740""",20,0,"""""",16,0,"""""",16,0,"""""",16,0
0,1,1,367,0,0,"""ジェノバ長崎支店""","""ｼﾞｪﾉﾊﾞﾅｶﾞｻｷｼ""","""0958327500""",20,0,"""""",16,0,"""""",16,0,"""""",16,0
0,1,1,368,0,0,"""ジェノバ静岡支店""","""ｼﾞｪﾉﾊﾞｼｽﾞｵｶｼ""","""0545663700""",20,0,"""""",16,0,"""""",16,0,"""""",16,0
0,1,1,369,0,0,"""ジェノバ豊橋支店""","""ｼﾞｪﾉﾊﾞﾄﾖﾊｼｼﾃ""","""0532567551""",20,0,"""""",16,0,"""""",16,0,"""""",16,0
0,1,1,370,0,0,"""ジェノバ徳島支店""","""ｼﾞｪﾉﾊﾞﾄｸｼﾏｼﾃ""","""0886570910""",20,0,"""""",16,0,"""""",16,0,"""""",16,0
0,1,1,371,0,0,"""ジェノバ新潟支店""","""ｼﾞｪﾉﾊﾞﾆｲｶﾞﾀｼ""","""0252408220""",20,0,"""""",16,0,"""""",16,0,"""""",16,0
0,1,1,372,0,0,"""ジェノバ所沢支店""","""ｼﾞｪﾉﾊﾞﾄｺﾛｻﾞﾜ""","""0429390531""",20,0,"""""",16,0,"""""",16,0,"""""",16,0
0,1,1,373,0,0,"""ジェノバ高松支店""","""ｼﾞｪﾉﾊﾞﾀｶﾏﾂｼﾃ""","""0878060033""",20,0,"""""",16,0,"""""",16,0,"""""",16,0
0,1,1,374,0,0,"""ジェノバ松江支店""","""ｼﾞｪﾉﾊﾞﾏﾂｴｼﾃﾝ""","""0852601330""",20,0,"""""",16,0,"""""",16,0,"""""",16,0
0,1,1,375,0,0,"""ジェノバ岐阜支店""","""ｼﾞｪﾉﾊﾞｷﾞﾌｼﾃﾝ""","""0582675370""",20,0,"""""",16,0,"""""",16,0,"""""",16,0
0,1,1,376,0,0,"""ジェノバ秋田支店""","""ｼﾞｪﾉﾊﾞｱｷﾀｼﾃﾝ""","""0188841768""",20,0,"""""",16,0,"""""",16,0,"""""",16,0
0,1,1,377,0,0,"""ジェノバ高知支店""","""ｼﾞｪﾉﾊﾞｺｳﾁｼﾃﾝ""","""0888205670""",20,0,"""""",16,0,"""""",16,0,"""""",16,0
0,1,1,378,0,0,"""ジェノバ岡山支店""","""ｼﾞｪﾉﾊﾞｵｶﾔﾏｼﾃ""","""0862122665""",20,0,"""""",16,0,"""""",16,0,"""""",16,0
0,1,1,379,0,0,"""ジェノバ長崎空港前""","""ｼﾞｪﾉﾊﾞﾅｶﾞｻｷｸ""","""0957488800""",20,0,"""""",16,0,"""""",16,0,"""""",16,0
0,1,1,380,0,0,"""ｼﾞｪﾉﾊﾞ本社 審査関係""","""ｼﾞｪﾉﾊﾞﾎﾝｼｬｼﾝ""","""0662926900""",20,0,"""""",16,0,"""""",16,0,"""""",16,0
0,1,1,381,0,0,"""ｼﾞｪﾉﾊﾞ藤田 審査関係""","""ｼﾞｪﾉﾊﾞﾌｼﾞﾀ""","""08040720168""",17,0,"""""",16,0,"""""",16,0,"""""",16,0
0,1,1,382,0,0,"""""","""""","""""",16,0,"""""",16,0,"""""",16,0,"""""",16,0
0,1,1,383,0,0,"""""","""""","""""",16,0,"""""",16,0,"""""",16,0,"""""",16,0
0,1,1,384,0,0,"""""","""""","""""",16,0,"""""",16,0,"""""",16,0,"""""",16,0
0,1,1,385,0,0,"""""","""""","""""",16,0,"""""",16,0,"""""",16,0,"""""",16,0
0,1,1,386,0,0,"""""","""""","""""",16,0,"""""",16,0,"""""",16,0,"""""",16,0
0,1,1,387,0,0,"""STARS＆CARRIER""","""ｽﾀ-ｽﾞｱﾝﾄﾞｷｬﾘ""","""0522186669""",20,0,"""""",16,0,"""""",16,0,"""""",16,0
0,1,1,388,0,0,"""""","""""","""""",16,0,"""""",16,0,"""""",16,0,"""""",16,0
0,1,1,389,0,0,"""DIAMANTS ﾃﾞｨｱﾏﾝｽﾞ""","""ﾃﾞｨｱﾏﾝｽﾞ""","""0522186440""",20,0,"""""",16,0,"""""",16,0,"""""",16,0
0,1,1,390,0,0,"""JMC大阪 事務代行""","""ｼﾞｪｲｴﾑｼ-ｵｵｻｶ""","""0664535500""",20,0,"""""",16,0,"""""",16,0,"""""",16,0
0,1,1,391,0,0,"""""","""""","""""",16,0,"""""",16,0,"""""",16,0,"""""",16,0
0,1,1,392,0,0,"""""","""""","""""",16,0,"""""",16,0,"""""",16,0,"""""",16,0
0,1,1,393,0,0,"""ユーキ本社 ""","""ﾕ-ｷﾎﾝｼｬ""","""0252471009""",20,0,"""""",16,0,"""""",16,0,"""""",16,0
0,1,1,394,0,0,"""ｺｽﾒﾃｨｯｸｱｰﾄ新潟店""","""ﾆｲｶﾞﾀﾃﾝ""","""0252471116""",20,0,"""""",16,0,"""""",16,0,"""""",16,0
0,1,1,395,0,0,"""""","""""","""""",16,0,"""""",16,0,"""""",16,0,"""""",16,0
0,1,1,396,0,0,"""""","""""","""""",16,0,"""""",16,0,"""""",16,0,"""""",16,0
0,1,1,397,0,0,"""アグライズ(ｴｽﾃ)""","""ｱｸﾞﾗｲｽﾞ""","""0582156006""",20,0,"""""",16,0,"""""",16,0,"""""",16,0
0,1,1,398,0,0,"""ｴｰｱｰﾙﾌﾟﾗｽ(ｱｸﾞﾗｲｽﾞ)""","""ｴ-ｱ-ﾙﾌﾟﾗｽ""","""0582627007""",20,0,"""""",16,0,"""""",16,0,"""""",16,0
0,1,1,399,0,0,"""""","""""","""""",16,0,"""""",16,0,"""""",16,0,"""""",16,0
0,1,1,400,0,0,"""ユナイテッドシー本社""","""ﾕﾅｲﾃｯﾄﾞｼ-ﾎﾝｼ""","""0648026510""",20,0,"""""",16,0,"""""",16,0,"""""",16,0
0,1,1,401,0,0,"""ｿﾜﾝﾄﾞｴｽﾃｱｰﾄﾏﾂﾓﾄ門真""","""ｱ-ﾄﾏﾂﾓﾄｶﾄﾞﾏ""","""0669070723""",20,0,"""""",16,0,"""""",16,0,"""""",16,0
0,1,1,402,0,0,"""ｿﾜﾝﾄﾞｴｽﾃｱｰﾄﾏﾂﾓﾄ天満""","""ｱ-ﾄﾏﾂﾓﾄﾃﾝﾏﾊﾞ""","""0669463655""",20,0,"""""",16,0,"""""",16,0,"""""",16,0
0,1,1,403,0,0,"""ｿﾜﾝﾄﾞｴｽﾃｱｰﾄﾏﾂﾓﾄ難波""","""ｱ-ﾄﾏﾂﾓﾄﾅﾝﾊﾞ""","""0666345311""",20,0,"""""",16,0,"""""",16,0,"""""",16,0
0,1,1,404,0,0,"""ｿﾜﾝﾄﾞｴｽﾃｱｰﾄﾏﾂﾓﾄ南船""","""ｱ-ﾄﾏﾂﾓﾄﾐﾅﾐｾﾝ""","""0662412116""",20,0,"""""",16,0,"""""",16,0,"""""",16,0
0,1,1,405,0,0,"""ｿﾜﾝﾄﾞｴｽﾃｱｰﾄﾏﾂﾓﾄ中津""","""ｱ-ﾄﾏﾂﾓﾄﾅｶﾂﾎﾝ""","""0648020074""",20,0,"""""",16,0,"""""",16,0,"""""",16,0
0,1,1,406,0,0,"""ﾃﾞｲｽﾊﾟｲﾝﾀｰﾅｼｮﾅﾙ長堀""","""ﾃﾞｲｽﾊﾟﾅｶﾞﾎﾘｼ""","""0662458071""",20,0,"""""",16,0,"""""",16,0,"""""",16,0
0,1,1,407,0,0,"""ﾃﾞｲｽﾊﾟｲﾝﾀｰﾅｼｮﾅﾙ梅田""","""ﾃﾞｲｽﾊﾟｳﾒﾀﾞ""","""0663674822""",20,0,"""""",16,0,"""""",16,0,"""""",16,0
0,1,1,408,0,0,"""ｴｽﾃﾃｨｯｸﾗﾎﾞｵﾌﾟﾃｨﾑ淀屋""","""ｵﾌﾟﾃｨﾑﾖﾄﾞﾔﾊﾞ""","""0662320620""",20,0,"""""",16,0,"""""",16,0,"""""",16,0
0,1,1,409,0,0,"""ｴｽﾃﾃｨｯｸﾗﾎﾞｵﾌﾟﾃｨﾑ心斎""","""ｵﾌﾟﾃｨﾑｼﾝｻｲﾊﾞ""","""0662458071""",20,0,"""""",16,0,"""""",16,0,"""""",16,0
0,1,1,410,0,0,"""""","""""","""""",16,0,"""""",16,0,"""""",16,0,"""""",16,0
0,1,1,411,0,0,"""""","""""","""""",16,0,"""""",16,0,"""""",16,0,"""""",16,0
0,1,1,412,0,0,"""""","""""","""""",16,0,"""""",16,0,"""""",16,0,"""""",16,0
0,1,1,413,0,0,"""""","""""","""""",16,0,"""""",16,0,"""""",16,0,"""""",16,0
0,1,1,414,0,0,"""""","""""","""""",16,0,"""""",16,0,"""""",16,0,"""""",16,0
0,1,1,415,0,0,"""""","""""","""""",16,0,"""""",16,0,"""""",16,0,"""""",16,0
0,1,1,416,0,0,"""""","""""","""""",16,0,"""""",16,0,"""""",16,0,"""""",16,0
0,1,1,417,0,0,"""""","""""","""""",16,0,"""""",16,0,"""""",16,0,"""""",16,0
0,1,1,418,0,0,"""""","""""","""""",16,0,"""""",16,0,"""""",16,0,"""""",16,0
0,1,1,419,0,0,"""""","""""","""""",16,0,"""""",16,0,"""""",16,0,"""""",16,0
0,1,1,420,0,0,"""""","""""","""""",16,0,"""""",16,0,"""""",16,0,"""""",16,0
0,1,1,421,0,0,"""""","""""","""""",16,0,"""""",16,0,"""""",16,0,"""""",16,0
0,1,1,422,0,0,"""""","""""","""""",16,0,"""""",16,0,"""""",16,0,"""""",16,0
0,1,1,423,0,0,"""""","""""","""""",16,0,"""""",16,0,"""""",16,0,"""""",16,0
0,1,1,424,0,0,"""""","""""","""""",16,0,"""""",16,0,"""""",16,0,"""""",16,0
0,1,1,425,0,0,"""""","""""","""""",16,0,"""""",16,0,"""""",16,0,"""""",16,0
0,1,1,426,0,0,"""""","""""","""""",16,0,"""""",16,0,"""""",16,0,"""""",16,0
0,1,1,427,0,0,"""""","""""","""""",16,0,"""""",16,0,"""""",16,0,"""""",16,0
0,1,1,428,0,0,"""""","""""","""""",16,0,"""""",16,0,"""""",16,0,"""""",16,0
0,1,1,429,0,0,"""""","""""","""""",16,0,"""""",16,0,"""""",16,0,"""""",16,0
0,1,1,430,0,0,"""""","""""","""""",16,0,"""""",16,0,"""""",16,0,"""""",16,0
0,1,1,431,0,0,"""""","""""","""""",16,0,"""""",16,0,"""""",16,0,"""""",16,0
0,1,1,432,0,0,"""""","""""","""""",16,0,"""""",16,0,"""""",16,0,"""""",16,0
0,1,1,433,0,0,"""""","""""","""""",16,0,"""""",16,0,"""""",16,0,"""""",16,0
0,1,1,434,0,0,"""""","""""","""""",16,0,"""""",16,0,"""""",16,0,"""""",16,0
0,1,1,435,0,0,"""""","""""","""""",16,0,"""""",16,0,"""""",16,0,"""""",16,0
0,1,1,436,0,0,"""""","""""","""""",16,0,"""""",16,0,"""""",16,0,"""""",16,0
0,1,1,437,0,0,"""""","""""","""""",16,0,"""""",16,0,"""""",16,0,"""""",16,0
0,1,1,438,0,0,"""""","""""","""""",16,0,"""""",16,0,"""""",16,0,"""""",16,0
0,1,1,439,0,0,"""""","""""","""""",16,0,"""""",16,0,"""""",16,0,"""""",16,0
0,1,1,440,0,0,"""""","""""","""""",16,0,"""""",16,0,"""""",16,0,"""""",16,0
0,1,1,441,0,0,"""""","""""","""""",16,0,"""""",16,0,"""""",16,0,"""""",16,0
0,1,1,442,0,0,"""""","""""","""""",16,0,"""""",16,0,"""""",16,0,"""""",16,0
0,1,1,443,0,0,"""""","""""","""""",16,0,"""""",16,0,"""""",16,0,"""""",16,0
0,1,1,444,0,0,"""""","""""","""""",16,0,"""""",16,0,"""""",16,0,"""""",16,0
0,1,1,445,0,0,"""""","""""","""""",16,0,"""""",16,0,"""""",16,0,"""""",16,0
0,1,1,446,0,0,"""""","""""","""""",16,0,"""""",16,0,"""""",16,0,"""""",16,0
0,1,1,447,0,0,"""""","""""","""""",16,0,"""""",16,0,"""""",16,0,"""""",16,0
0,1,1,448,0,0,"""""","""""","""""",16,0,"""""",16,0,"""""",16,0,"""""",16,0
0,1,1,449,0,0,"""""","""""","""""",16,0,"""""",16,0,"""""",16,0,"""""",16,0
0,1,1,450,0,0,"""""","""""","""""",16,0,"""""",16,0,"""""",16,0,"""""",16,0
0,1,1,451,0,0,"""""","""""","""""",16,0,"""""",16,0,"""""",16,0,"""""",16,0
0,1,1,452,0,0,"""""","""""","""""",16,0,"""""",16,0,"""""",16,0,"""""",16,0
0,1,1,453,0,0,"""""","""""","""""",16,0,"""""",16,0,"""""",16,0,"""""",16,0
0,1,1,454,0,0,"""""","""""","""""",16,0,"""""",16,0,"""""",16,0,"""""",16,0
0,1,1,455,0,0,"""""","""""","""""",16,0,"""""",16,0,"""""",16,0,"""""",16,0
0,1,1,456,0,0,"""""","""""","""""",16,0,"""""",16,0,"""""",16,0,"""""",16,0
0,1,1,457,0,0,"""""","""""","""""",16,0,"""""",16,0,"""""",16,0,"""""",16,0
0,1,1,458,0,0,"""""","""""","""""",16,0,"""""",16,0,"""""",16,0,"""""",16,0
0,1,1,459,0,0,"""""","""""","""""",16,0,"""""",16,0,"""""",16,0,"""""",16,0
0,1,1,460,0,0,"""""","""""","""""",16,0,"""""",16,0,"""""",16,0,"""""",16,0
0,1,1,461,0,0,"""""","""""","""""",16,0,"""""",16,0,"""""",16,0,"""""",16,0
0,1,1,462,0,0,"""""","""""","""""",16,0,"""""",16,0,"""""",16,0,"""""",16,0
0,1,1,463,0,0,"""""","""""","""""",16,0,"""""",16,0,"""""",16,0,"""""",16,0
0,1,1,464,0,0,"""""","""""","""""",16,0,"""""",16,0,"""""",16,0,"""""",16,0
0,1,1,465,0,0,"""""","""""","""""",16,0,"""""",16,0,"""""",16,0,"""""",16,0
0,1,1,466,0,0,"""""","""""","""""",16,0,"""""",16,0,"""""",16,0,"""""",16,0
0,1,1,467,0,0,"""""","""""","""""",16,0,"""""",16,0,"""""",16,0,"""""",16,0
0,1,1,468,0,0,"""""","""""","""""",16,0,"""""",16,0,"""""",16,0,"""""",16,0
0,1,1,469,0,0,"""""","""""","""""",16,0,"""""",16,0,"""""",16,0,"""""",16,0
0,1,1,470,0,0,"""""","""""","""""",16,0,"""""",16,0,"""""",16,0,"""""",16,0
0,1,1,471,0,0,"""""","""""","""""",16,0,"""""",16,0,"""""",16,0,"""""",16,0
0,1,1,472,0,0,"""""","""""","""""",16,0,"""""",16,0,"""""",16,0,"""""",16,0
0,1,1,473,0,0,"""""","""""","""""",16,0,"""""",16,0,"""""",16,0,"""""",16,0
0,1,1,474,0,0,"""""","""""","""""",16,0,"""""",16,0,"""""",16,0,"""""",16,0
0,1,1,475,0,0,"""""","""""","""""",16,0,"""""",16,0,"""""",16,0,"""""",16,0
0,1,1,476,0,0,"""""","""""","""""",16,0,"""""",16,0,"""""",16,0,"""""",16,0
0,1,1,477,0,0,"""""","""""","""""",16,0,"""""",16,0,"""""",16,0,"""""",16,0
0,1,1,478,0,0,"""""","""""","""""",16,0,"""""",16,0,"""""",16,0,"""""",16,0
0,1,1,479,0,0,"""""","""""","""""",16,0,"""""",16,0,"""""",16,0,"""""",16,0
0,1,1,480,0,0,"""""","""""","""""",16,0,"""""",16,0,"""""",16,0,"""""",16,0
0,1,1,481,0,0,"""""","""""","""""",16,0,"""""",16,0,"""""",16,0,"""""",16,0
0,1,1,482,0,0,"""""","""""","""""",16,0,"""""",16,0,"""""",16,0,"""""",16,0
0,1,1,483,0,0,"""""","""""","""""",16,0,"""""",16,0,"""""",16,0,"""""",16,0
0,1,1,484,0,0,"""""","""""","""""",16,0,"""""",16,0,"""""",16,0,"""""",16,0
0,1,1,485,0,0,"""""","""""","""""",16,0,"""""",16,0,"""""",16,0,"""""",16,0
0,1,1,486,0,0,"""""","""""","""""",16,0,"""""",16,0,"""""",16,0,"""""",16,0
0,1,1,487,0,0,"""""","""""","""""",16,0,"""""",16,0,"""""",16,0,"""""",16,0
0,1,1,488,0,0,"""""","""""","""""",16,0,"""""",16,0,"""""",16,0,"""""",16,0
0,1,1,489,0,0,"""""","""""","""""",16,0,"""""",16,0,"""""",16,0,"""""",16,0
0,1,1,490,0,0,"""""","""""","""""",16,0,"""""",16,0,"""""",16,0,"""""",16,0
0,1,1,491,0,0,"""""","""""","""""",16,0,"""""",16,0,"""""",16,0,"""""",16,0
0,1,1,492,0,0,"""""","""""","""""",16,0,"""""",16,0,"""""",16,0,"""""",16,0
0,1,1,493,0,0,"""""","""""","""""",16,0,"""""",16,0,"""""",16,0,"""""",16,0
0,1,1,494,0,0,"""""","""""","""""",16,0,"""""",16,0,"""""",16,0,"""""",16,0
0,1,1,495,0,0,"""""","""""","""""",16,0,"""""",16,0,"""""",16,0,"""""",16,0
0,1,1,496,0,0,"""""","""""","""""",16,0,"""""",16,0,"""""",16,0,"""""",16,0
0,1,1,497,0,0,"""""","""""","""""",16,0,"""""",16,0,"""""",16,0,"""""",16,0
0,1,1,498,0,0,"""""","""""","""""",16,0,"""""",16,0,"""""",16,0,"""""",16,0
0,1,1,499,0,0,"""""","""""","""""",16,0,"""""",16,0,"""""",16,0,"""""",16,0
0,1,1,500,0,0,"""""","""""","""""",16,0,"""""",16,0,"""""",16,0,"""""",16,0
0,1,1,501,0,0,"""""","""""","""""",16,0,"""""",16,0,"""""",16,0,"""""",16,0
0,1,1,502,0,0,"""""","""""","""""",16,0,"""""",16,0,"""""",16,0,"""""",16,0
0,1,1,503,0,0,"""""","""""","""""",16,0,"""""",16,0,"""""",16,0,"""""",16,0
0,1,1,504,0,0,"""""","""""","""""",16,0,"""""",16,0,"""""",16,0,"""""",16,0
0,1,1,505,0,0,"""""","""""","""""",16,0,"""""",16,0,"""""",16,0,"""""",16,0
0,1,1,506,0,0,"""""","""""","""""",16,0,"""""",16,0,"""""",16,0,"""""",16,0
0,1,1,507,0,0,"""""","""""","""""",16,0,"""""",16,0,"""""",16,0,"""""",16,0
0,1,1,508,0,0,"""""","""""","""""",16,0,"""""",16,0,"""""",16,0,"""""",16,0
0,1,1,509,0,0,"""""","""""","""""",16,0,"""""",16,0,"""""",16,0,"""""",16,0
0,1,1,510,0,0,"""""","""""","""""",16,0,"""""",16,0,"""""",16,0,"""""",16,0
0,1,1,511,0,0,"""""","""""","""""",16,0,"""""",16,0,"""""",16,0,"""""",16,0
0,1,1,512,0,0,"""""","""""","""""",16,0,"""""",16,0,"""""",16,0,"""""",16,0
0,1,1,513,0,0,"""""","""""","""""",16,0,"""""",16,0,"""""",16,0,"""""",16,0
0,1,1,514,0,0,"""""","""""","""""",16,0,"""""",16,0,"""""",16,0,"""""",16,0
0,1,1,515,0,0,"""""","""""","""""",16,0,"""""",16,0,"""""",16,0,"""""",16,0
0,1,1,516,0,0,"""""","""""","""""",16,0,"""""",16,0,"""""",16,0,"""""",16,0
0,1,1,517,0,0,"""""","""""","""""",16,0,"""""",16,0,"""""",16,0,"""""",16,0
0,1,1,518,0,0,"""""","""""","""""",16,0,"""""",16,0,"""""",16,0,"""""",16,0
0,1,1,519,0,0,"""""","""""","""""",16,0,"""""",16,0,"""""",16,0,"""""",16,0
0,1,1,520,0,0,"""""","""""","""""",16,0,"""""",16,0,"""""",16,0,"""""",16,0
0,1,1,521,0,0,"""""","""""","""""",16,0,"""""",16,0,"""""",16,0,"""""",16,0
0,1,1,522,0,0,"""""","""""","""""",16,0,"""""",16,0,"""""",16,0,"""""",16,0
0,1,1,523,0,0,"""""","""""","""""",16,0,"""""",16,0,"""""",16,0,"""""",16,0
0,1,1,524,0,0,"""""","""""","""""",16,0,"""""",16,0,"""""",16,0,"""""",16,0
0,1,1,525,0,0,"""""","""""","""""",16,0,"""""",16,0,"""""",16,0,"""""",16,0
0,1,1,526,0,0,"""""","""""","""""",16,0,"""""",16,0,"""""",16,0,"""""",16,0
0,1,1,527,0,0,"""""","""""","""""",16,0,"""""",16,0,"""""",16,0,"""""",16,0
0,1,1,528,0,0,"""""","""""","""""",16,0,"""""",16,0,"""""",16,0,"""""",16,0
0,1,1,529,0,0,"""""","""""","""""",16,0,"""""",16,0,"""""",16,0,"""""",16,0
0,1,1,530,0,0,"""""","""""","""""",16,0,"""""",16,0,"""""",16,0,"""""",16,0
0,1,1,531,0,0,"""""","""""","""""",16,0,"""""",16,0,"""""",16,0,"""""",16,0
0,1,1,532,0,0,"""""","""""","""""",16,0,"""""",16,0,"""""",16,0,"""""",16,0
0,1,1,533,0,0,"""""","""""","""""",16,0,"""""",16,0,"""""",16,0,"""""",16,0
0,1,1,534,0,0,"""""","""""","""""",16,0,"""""",16,0,"""""",16,0,"""""",16,0
0,1,1,535,0,0,"""""","""""","""""",16,0,"""""",16,0,"""""",16,0,"""""",16,0
0,1,1,536,0,0,"""""","""""","""""",16,0,"""""",16,0,"""""",16,0,"""""",16,0
0,1,1,537,0,0,"""""","""""","""""",16,0,"""""",16,0,"""""",16,0,"""""",16,0
0,1,1,538,0,0,"""""","""""","""""",16,0,"""""",16,0,"""""",16,0,"""""",16,0
0,1,1,539,0,0,"""""","""""","""""",16,0,"""""",16,0,"""""",16,0,"""""",16,0
0,1,1,540,0,0,"""""","""""","""""",16,0,"""""",16,0,"""""",16,0,"""""",16,0
0,1,1,541,0,0,"""""","""""","""""",16,0,"""""",16,0,"""""",16,0,"""""",16,0
0,1,1,542,0,0,"""""","""""","""""",16,0,"""""",16,0,"""""",16,0,"""""",16,0
0,1,1,543,0,0,"""""","""""","""""",16,0,"""""",16,0,"""""",16,0,"""""",16,0
0,1,1,544,0,0,"""""","""""","""""",16,0,"""""",16,0,"""""",16,0,"""""",16,0
0,1,1,545,0,0,"""""","""""","""""",16,0,"""""",16,0,"""""",16,0,"""""",16,0
0,1,1,546,0,0,"""""","""""","""""",16,0,"""""",16,0,"""""",16,0,"""""",16,0
0,1,1,547,0,0,"""""","""""","""""",16,0,"""""",16,0,"""""",16,0,"""""",16,0
0,1,1,548,0,0,"""""","""""","""""",16,0,"""""",16,0,"""""",16,0,"""""",16,0
0,1,1,549,0,0,"""""","""""","""""",16,0,"""""",16,0,"""""",16,0,"""""",16,0
0,1,1,550,0,0,"""""","""""","""""",16,0,"""""",16,0,"""""",16,0,"""""",16,0
0,1,1,551,0,0,"""""","""""","""""",16,0,"""""",16,0,"""""",16,0,"""""",16,0
0,1,1,552,0,0,"""""","""""","""""",16,0,"""""",16,0,"""""",16,0,"""""",16,0
0,1,1,553,0,0,"""""","""""","""""",16,0,"""""",16,0,"""""",16,0,"""""",16,0
0,1,1,554,0,0,"""""","""""","""""",16,0,"""""",16,0,"""""",16,0,"""""",16,0
0,1,1,555,0,0,"""""","""""","""""",16,0,"""""",16,0,"""""",16,0,"""""",16,0
0,1,1,556,0,0,"""""","""""","""""",16,0,"""""",16,0,"""""",16,0,"""""",16,0
0,1,1,557,0,0,"""""","""""","""""",16,0,"""""",16,0,"""""",16,0,"""""",16,0
0,1,1,558,0,0,"""""","""""","""""",16,0,"""""",16,0,"""""",16,0,"""""",16,0
0,1,1,559,0,0,"""""","""""","""""",16,0,"""""",16,0,"""""",16,0,"""""",16,0
0,1,1,560,0,0,"""""","""""","""""",16,0,"""""",16,0,"""""",16,0,"""""",16,0
0,1,1,561,0,0,"""""","""""","""""",16,0,"""""",16,0,"""""",16,0,"""""",16,0
0,1,1,562,0,0,"""""","""""","""""",16,0,"""""",16,0,"""""",16,0,"""""",16,0
0,1,1,563,0,0,"""""","""""","""""",16,0,"""""",16,0,"""""",16,0,"""""",16,0
0,1,1,564,0,0,"""""","""""","""""",16,0,"""""",16,0,"""""",16,0,"""""",16,0
0,1,1,565,0,0,"""""","""""","""""",16,0,"""""",16,0,"""""",16,0,"""""",16,0
0,1,1,566,0,0,"""""","""""","""""",16,0,"""""",16,0,"""""",16,0,"""""",16,0
0,1,1,567,0,0,"""""","""""","""""",16,0,"""""",16,0,"""""",16,0,"""""",16,0
0,1,1,568,0,0,"""""","""""","""""",16,0,"""""",16,0,"""""",16,0,"""""",16,0
0,1,1,569,0,0,"""""","""""","""""",16,0,"""""",16,0,"""""",16,0,"""""",16,0
0,1,1,570,0,0,"""""","""""","""""",16,0,"""""",16,0,"""""",16,0,"""""",16,0
0,1,1,571,0,0,"""""","""""","""""",16,0,"""""",16,0,"""""",16,0,"""""",16,0
0,1,1,572,0,0,"""""","""""","""""",16,0,"""""",16,0,"""""",16,0,"""""",16,0
0,1,1,573,0,0,"""""","""""","""""",16,0,"""""",16,0,"""""",16,0,"""""",16,0
0,1,1,574,0,0,"""""","""""","""""",16,0,"""""",16,0,"""""",16,0,"""""",16,0
0,1,1,575,0,0,"""""","""""","""""",16,0,"""""",16,0,"""""",16,0,"""""",16,0
0,1,1,576,0,0,"""""","""""","""""",16,0,"""""",16,0,"""""",16,0,"""""",16,0
0,1,1,577,0,0,"""""","""""","""""",16,0,"""""",16,0,"""""",16,0,"""""",16,0
0,1,1,578,0,0,"""""","""""","""""",16,0,"""""",16,0,"""""",16,0,"""""",16,0
0,1,1,579,0,0,"""""","""""","""""",16,0,"""""",16,0,"""""",16,0,"""""",16,0
0,1,1,580,0,0,"""""","""""","""""",16,0,"""""",16,0,"""""",16,0,"""""",16,0
0,1,1,581,0,0,"""""","""""","""""",16,0,"""""",16,0,"""""",16,0,"""""",16,0
0,1,1,582,0,0,"""""","""""","""""",16,0,"""""",16,0,"""""",16,0,"""""",16,0
0,1,1,583,0,0,"""""","""""","""""",16,0,"""""",16,0,"""""",16,0,"""""",16,0
0,1,1,584,0,0,"""""","""""","""""",16,0,"""""",16,0,"""""",16,0,"""""",16,0
0,1,1,585,0,0,"""""","""""","""""",16,0,"""""",16,0,"""""",16,0,"""""",16,0
0,1,1,586,0,0,"""""","""""","""""",16,0,"""""",16,0,"""""",16,0,"""""",16,0
0,1,1,587,0,0,"""""","""""","""""",16,0,"""""",16,0,"""""",16,0,"""""",16,0
0,1,1,588,0,0,"""""","""""","""""",16,0,"""""",16,0,"""""",16,0,"""""",16,0
0,1,1,589,0,0,"""""","""""","""""",16,0,"""""",16,0,"""""",16,0,"""""",16,0
0,1,1,590,0,0,"""""","""""","""""",16,0,"""""",16,0,"""""",16,0,"""""",16,0
0,1,1,591,0,0,"""""","""""","""""",16,0,"""""",16,0,"""""",16,0,"""""",16,0
0,1,1,592,0,0,"""""","""""","""""",16,0,"""""",16,0,"""""",16,0,"""""",16,0
0,1,1,593,0,0,"""""","""""","""""",16,0,"""""",16,0,"""""",16,0,"""""",16,0
0,1,1,594,0,0,"""""","""""","""""",16,0,"""""",16,0,"""""",16,0,"""""",16,0
0,1,1,595,0,0,"""""","""""","""""",16,0,"""""",16,0,"""""",16,0,"""""",16,0
0,1,1,596,0,0,"""""","""""","""""",16,0,"""""",16,0,"""""",16,0,"""""",16,0
0,1,1,597,0,0,"""""","""""","""""",16,0,"""""",16,0,"""""",16,0,"""""",16,0
0,1,1,598,0,0,"""""","""""","""""",16,0,"""""",16,0,"""""",16,0,"""""",16,0
0,1,1,599,0,0,"""""","""""","""""",16,0,"""""",16,0,"""""",16,0,"""""",16,0
0,1,1,600,0,0,"""""","""""","""""",16,0,"""""",16,0,"""""",16,0,"""""",16,0
0,1,1,601,0,0,"""""","""""","""""",16,0,"""""",16,0,"""""",16,0,"""""",16,0
0,1,1,602,0,0,"""""","""""","""""",16,0,"""""",16,0,"""""",16,0,"""""",16,0
0,1,1,603,0,0,"""""","""""","""""",16,0,"""""",16,0,"""""",16,0,"""""",16,0
0,1,1,604,0,0,"""""","""""","""""",16,0,"""""",16,0,"""""",16,0,"""""",16,0
0,1,1,605,0,0,"""""","""""","""""",16,0,"""""",16,0,"""""",16,0,"""""",16,0
0,1,1,606,0,0,"""""","""""","""""",16,0,"""""",16,0,"""""",16,0,"""""",16,0
0,1,1,607,0,0,"""""","""""","""""",16,0,"""""",16,0,"""""",16,0,"""""",16,0
0,1,1,608,0,0,"""""","""""","""""",16,0,"""""",16,0,"""""",16,0,"""""",16,0
0,1,1,609,0,0,"""""","""""","""""",16,0,"""""",16,0,"""""",16,0,"""""",16,0
0,1,1,610,0,0,"""""","""""","""""",16,0,"""""",16,0,"""""",16,0,"""""",16,0
0,1,1,611,0,0,"""""","""""","""""",16,0,"""""",16,0,"""""",16,0,"""""",16,0
0,1,1,612,0,0,"""""","""""","""""",16,0,"""""",16,0,"""""",16,0,"""""",16,0
0,1,1,613,0,0,"""""","""""","""""",16,0,"""""",16,0,"""""",16,0,"""""",16,0
0,1,1,614,0,0,"""""","""""","""""",16,0,"""""",16,0,"""""",16,0,"""""",16,0
0,1,1,615,0,0,"""""","""""","""""",16,0,"""""",16,0,"""""",16,0,"""""",16,0
0,1,1,616,0,0,"""""","""""","""""",16,0,"""""",16,0,"""""",16,0,"""""",16,0
0,1,1,617,0,0,"""""","""""","""""",16,0,"""""",16,0,"""""",16,0,"""""",16,0
0,1,1,618,0,0,"""""","""""","""""",16,0,"""""",16,0,"""""",16,0,"""""",16,0
0,1,1,619,0,0,"""""","""""","""""",16,0,"""""",16,0,"""""",16,0,"""""",16,0
0,1,1,620,0,0,"""""","""""","""""",16,0,"""""",16,0,"""""",16,0,"""""",16,0
0,1,1,621,0,0,"""""","""""","""""",16,0,"""""",16,0,"""""",16,0,"""""",16,0
0,1,1,622,0,0,"""""","""""","""""",16,0,"""""",16,0,"""""",16,0,"""""",16,0
0,1,1,623,0,0,"""""","""""","""""",16,0,"""""",16,0,"""""",16,0,"""""",16,0
0,1,1,624,0,0,"""""","""""","""""",16,0,"""""",16,0,"""""",16,0,"""""",16,0
0,1,1,625,0,0,"""""","""""","""""",16,0,"""""",16,0,"""""",16,0,"""""",16,0
0,1,1,626,0,0,"""""","""""","""""",16,0,"""""",16,0,"""""",16,0,"""""",16,0
0,1,1,627,0,0,"""""","""""","""""",16,0,"""""",16,0,"""""",16,0,"""""",16,0
0,1,1,628,0,0,"""""","""""","""""",16,0,"""""",16,0,"""""",16,0,"""""",16,0
0,1,1,629,0,0,"""""","""""","""""",16,0,"""""",16,0,"""""",16,0,"""""",16,0
0,1,1,630,0,0,"""""","""""","""""",16,0,"""""",16,0,"""""",16,0,"""""",16,0
0,1,1,631,0,0,"""""","""""","""""",16,0,"""""",16,0,"""""",16,0,"""""",16,0
0,1,1,632,0,0,"""""","""""","""""",16,0,"""""",16,0,"""""",16,0,"""""",16,0
0,1,1,633,0,0,"""""","""""","""""",16,0,"""""",16,0,"""""",16,0,"""""",16,0
0,1,1,634,0,0,"""""","""""","""""",16,0,"""""",16,0,"""""",16,0,"""""",16,0
0,1,1,635,0,0,"""""","""""","""""",16,0,"""""",16,0,"""""",16,0,"""""",16,0
0,1,1,636,0,0,"""""","""""","""""",16,0,"""""",16,0,"""""",16,0,"""""",16,0
0,1,1,637,0,0,"""""","""""","""""",16,0,"""""",16,0,"""""",16,0,"""""",16,0
0,1,1,638,0,0,"""""","""""","""""",16,0,"""""",16,0,"""""",16,0,"""""",16,0
0,1,1,639,0,0,"""""","""""","""""",16,0,"""""",16,0,"""""",16,0,"""""",16,0
0,1,1,640,0,0,"""""","""""","""""",16,0,"""""",16,0,"""""",16,0,"""""",16,0
0,1,1,641,0,0,"""""","""""","""""",16,0,"""""",16,0,"""""",16,0,"""""",16,0
0,1,1,642,0,0,"""""","""""","""""",16,0,"""""",16,0,"""""",16,0,"""""",16,0
0,1,1,643,0,0,"""""","""""","""""",16,0,"""""",16,0,"""""",16,0,"""""",16,0
0,1,1,644,0,0,"""""","""""","""""",16,0,"""""",16,0,"""""",16,0,"""""",16,0
0,1,1,645,0,0,"""""","""""","""""",16,0,"""""",16,0,"""""",16,0,"""""",16,0
0,1,1,646,0,0,"""""","""""","""""",16,0,"""""",16,0,"""""",16,0,"""""",16,0
0,1,1,647,0,0,"""""","""""","""""",16,0,"""""",16,0,"""""",16,0,"""""",16,0
0,1,1,648,0,0,"""""","""""","""""",16,0,"""""",16,0,"""""",16,0,"""""",16,0
0,1,1,649,0,0,"""""","""""","""""",16,0,"""""",16,0,"""""",16,0,"""""",16,0
0,1,1,650,0,0,"""""","""""","""""",16,0,"""""",16,0,"""""",16,0,"""""",16,0
0,1,1,651,0,0,"""""","""""","""""",16,0,"""""",16,0,"""""",16,0,"""""",16,0
0,1,1,652,0,0,"""""","""""","""""",16,0,"""""",16,0,"""""",16,0,"""""",16,0
0,1,1,653,0,0,"""""","""""","""""",16,0,"""""",16,0,"""""",16,0,"""""",16,0
0,1,1,654,0,0,"""""","""""","""""",16,0,"""""",16,0,"""""",16,0,"""""",16,0
0,1,1,655,0,0,"""""","""""","""""",16,0,"""""",16,0,"""""",16,0,"""""",16,0
0,1,1,656,0,0,"""""","""""","""""",16,0,"""""",16,0,"""""",16,0,"""""",16,0
0,1,1,657,0,0,"""""","""""","""""",16,0,"""""",16,0,"""""",16,0,"""""",16,0
0,1,1,658,0,0,"""""","""""","""""",16,0,"""""",16,0,"""""",16,0,"""""",16,0
0,1,1,659,0,0,"""""","""""","""""",16,0,"""""",16,0,"""""",16,0,"""""",16,0
0,1,1,660,0,0,"""""","""""","""""",16,0,"""""",16,0,"""""",16,0,"""""",16,0
0,1,1,661,0,0,"""""","""""","""""",16,0,"""""",16,0,"""""",16,0,"""""",16,0
0,1,1,662,0,0,"""""","""""","""""",16,0,"""""",16,0,"""""",16,0,"""""",16,0
0,1,1,663,0,0,"""""","""""","""""",16,0,"""""",16,0,"""""",16,0,"""""",16,0
0,1,1,664,0,0,"""""","""""","""""",16,0,"""""",16,0,"""""",16,0,"""""",16,0
0,1,1,665,0,0,"""""","""""","""""",16,0,"""""",16,0,"""""",16,0,"""""",16,0
0,1,1,666,0,0,"""""","""""","""""",16,0,"""""",16,0,"""""",16,0,"""""",16,0
0,1,1,667,0,0,"""""","""""","""""",16,0,"""""",16,0,"""""",16,0,"""""",16,0
0,1,1,668,0,0,"""""","""""","""""",16,0,"""""",16,0,"""""",16,0,"""""",16,0
0,1,1,669,0,0,"""""","""""","""""",16,0,"""""",16,0,"""""",16,0,"""""",16,0
0,1,1,670,0,0,"""""","""""","""""",16,0,"""""",16,0,"""""",16,0,"""""",16,0
0,1,1,671,0,0,"""""","""""","""""",16,0,"""""",16,0,"""""",16,0,"""""",16,0
0,1,1,672,0,0,"""""","""""","""""",16,0,"""""",16,0,"""""",16,0,"""""",16,0
0,1,1,673,0,0,"""""","""""","""""",16,0,"""""",16,0,"""""",16,0,"""""",16,0
0,1,1,674,0,0,"""""","""""","""""",16,0,"""""",16,0,"""""",16,0,"""""",16,0
0,1,1,675,0,0,"""""","""""","""""",16,0,"""""",16,0,"""""",16,0,"""""",16,0
0,1,1,676,0,0,"""""","""""","""""",16,0,"""""",16,0,"""""",16,0,"""""",16,0
0,1,1,677,0,0,"""""","""""","""""",16,0,"""""",16,0,"""""",16,0,"""""",16,0
0,1,1,678,0,0,"""""","""""","""""",16,0,"""""",16,0,"""""",16,0,"""""",16,0
0,1,1,679,0,0,"""""","""""","""""",16,0,"""""",16,0,"""""",16,0,"""""",16,0
0,1,1,680,0,0,"""""","""""","""""",16,0,"""""",16,0,"""""",16,0,"""""",16,0
0,1,1,681,0,0,"""""","""""","""""",16,0,"""""",16,0,"""""",16,0,"""""",16,0
0,1,1,682,0,0,"""""","""""","""""",16,0,"""""",16,0,"""""",16,0,"""""",16,0
0,1,1,683,0,0,"""""","""""","""""",16,0,"""""",16,0,"""""",16,0,"""""",16,0
0,1,1,684,0,0,"""""","""""","""""",16,0,"""""",16,0,"""""",16,0,"""""",16,0
0,1,1,685,0,0,"""""","""""","""""",16,0,"""""",16,0,"""""",16,0,"""""",16,0
0,1,1,686,0,0,"""""","""""","""""",16,0,"""""",16,0,"""""",16,0,"""""",16,0
0,1,1,687,0,0,"""""","""""","""""",16,0,"""""",16,0,"""""",16,0,"""""",16,0
0,1,1,688,0,0,"""""","""""","""""",16,0,"""""",16,0,"""""",16,0,"""""",16,0
0,1,1,689,0,0,"""""","""""","""""",16,0,"""""",16,0,"""""",16,0,"""""",16,0
0,1,1,690,0,0,"""""","""""","""""",16,0,"""""",16,0,"""""",16,0,"""""",16,0
0,1,1,691,0,0,"""""","""""","""""",16,0,"""""",16,0,"""""",16,0,"""""",16,0
0,1,1,692,0,0,"""""","""""","""""",16,0,"""""",16,0,"""""",16,0,"""""",16,0
0,1,1,693,0,0,"""""","""""","""""",16,0,"""""",16,0,"""""",16,0,"""""",16,0
0,1,1,694,0,0,"""""","""""","""""",16,0,"""""",16,0,"""""",16,0,"""""",16,0
0,1,1,695,0,0,"""""","""""","""""",16,0,"""""",16,0,"""""",16,0,"""""",16,0
0,1,1,696,0,0,"""""","""""","""""",16,0,"""""",16,0,"""""",16,0,"""""",16,0
0,1,1,697,0,0,"""""","""""","""""",16,0,"""""",16,0,"""""",16,0,"""""",16,0
0,1,1,698,0,0,"""""","""""","""""",16,0,"""""",16,0,"""""",16,0,"""""",16,0
0,1,1,699,0,0,"""""","""""","""""",16,0,"""""",16,0,"""""",16,0,"""""",16,0
0,1,1,700,0,0,"""""","""""","""""",16,0,"""""",16,0,"""""",16,0,"""""",16,0
0,1,1,701,0,0,"""""","""""","""""",16,0,"""""",16,0,"""""",16,0,"""""",16,0
0,1,1,702,0,0,"""""","""""","""""",16,0,"""""",16,0,"""""",16,0,"""""",16,0
0,1,1,703,0,0,"""""","""""","""""",16,0,"""""",16,0,"""""",16,0,"""""",16,0
0,1,1,704,0,0,"""""","""""","""""",16,0,"""""",16,0,"""""",16,0,"""""",16,0
0,1,1,705,0,0,"""""","""""","""""",16,0,"""""",16,0,"""""",16,0,"""""",16,0
0,1,1,706,0,0,"""""","""""","""""",16,0,"""""",16,0,"""""",16,0,"""""",16,0
0,1,1,707,0,0,"""""","""""","""""",16,0,"""""",16,0,"""""",16,0,"""""",16,0
0,1,1,708,0,0,"""""","""""","""""",16,0,"""""",16,0,"""""",16,0,"""""",16,0
0,1,1,709,0,0,"""""","""""","""""",16,0,"""""",16,0,"""""",16,0,"""""",16,0
0,1,1,710,0,0,"""""","""""","""""",16,0,"""""",16,0,"""""",16,0,"""""",16,0
0,1,1,711,0,0,"""""","""""","""""",16,0,"""""",16,0,"""""",16,0,"""""",16,0
0,1,1,712,0,0,"""""","""""","""""",16,0,"""""",16,0,"""""",16,0,"""""",16,0
0,1,1,713,0,0,"""""","""""","""""",16,0,"""""",16,0,"""""",16,0,"""""",16,0
0,1,1,714,0,0,"""""","""""","""""",16,0,"""""",16,0,"""""",16,0,"""""",16,0
0,1,1,715,0,0,"""""","""""","""""",16,0,"""""",16,0,"""""",16,0,"""""",16,0
0,1,1,716,0,0,"""""","""""","""""",16,0,"""""",16,0,"""""",16,0,"""""",16,0
0,1,1,717,0,0,"""""","""""","""""",16,0,"""""",16,0,"""""",16,0,"""""",16,0
0,1,1,718,0,0,"""""","""""","""""",16,0,"""""",16,0,"""""",16,0,"""""",16,0
0,1,1,719,0,0,"""""","""""","""""",16,0,"""""",16,0,"""""",16,0,"""""",16,0
0,1,1,720,0,0,"""""","""""","""""",16,0,"""""",16,0,"""""",16,0,"""""",16,0
0,1,1,721,0,0,"""""","""""","""""",16,0,"""""",16,0,"""""",16,0,"""""",16,0
0,1,1,722,0,0,"""""","""""","""""",16,0,"""""",16,0,"""""",16,0,"""""",16,0
0,1,1,723,0,0,"""""","""""","""""",16,0,"""""",16,0,"""""",16,0,"""""",16,0
0,1,1,724,0,0,"""""","""""","""""",16,0,"""""",16,0,"""""",16,0,"""""",16,0
0,1,1,725,0,0,"""""","""""","""""",16,0,"""""",16,0,"""""",16,0,"""""",16,0
0,1,1,726,0,0,"""""","""""","""""",16,0,"""""",16,0,"""""",16,0,"""""",16,0
0,1,1,727,0,0,"""""","""""","""""",16,0,"""""",16,0,"""""",16,0,"""""",16,0
0,1,1,728,0,0,"""""","""""","""""",16,0,"""""",16,0,"""""",16,0,"""""",16,0
0,1,1,729,0,0,"""""","""""","""""",16,0,"""""",16,0,"""""",16,0,"""""",16,0
0,1,1,730,0,0,"""""","""""","""""",16,0,"""""",16,0,"""""",16,0,"""""",16,0
0,1,1,731,0,0,"""""","""""","""""",16,0,"""""",16,0,"""""",16,0,"""""",16,0
0,1,1,732,0,0,"""""","""""","""""",16,0,"""""",16,0,"""""",16,0,"""""",16,0
0,1,1,733,0,0,"""""","""""","""""",16,0,"""""",16,0,"""""",16,0,"""""",16,0
0,1,1,734,0,0,"""""","""""","""""",16,0,"""""",16,0,"""""",16,0,"""""",16,0
0,1,1,735,0,0,"""""","""""","""""",16,0,"""""",16,0,"""""",16,0,"""""",16,0
0,1,1,736,0,0,"""""","""""","""""",16,0,"""""",16,0,"""""",16,0,"""""",16,0
0,1,1,737,0,0,"""""","""""","""""",16,0,"""""",16,0,"""""",16,0,"""""",16,0
0,1,1,738,0,0,"""""","""""","""""",16,0,"""""",16,0,"""""",16,0,"""""",16,0
0,1,1,739,0,0,"""""","""""","""""",16,0,"""""",16,0,"""""",16,0,"""""",16,0
0,1,1,740,0,0,"""""","""""","""""",16,0,"""""",16,0,"""""",16,0,"""""",16,0
0,1,1,741,0,0,"""""","""""","""""",16,0,"""""",16,0,"""""",16,0,"""""",16,0
0,1,1,742,0,0,"""""","""""","""""",16,0,"""""",16,0,"""""",16,0,"""""",16,0
0,1,1,743,0,0,"""""","""""","""""",16,0,"""""",16,0,"""""",16,0,"""""",16,0
0,1,1,744,0,0,"""""","""""","""""",16,0,"""""",16,0,"""""",16,0,"""""",16,0
0,1,1,745,0,0,"""""","""""","""""",16,0,"""""",16,0,"""""",16,0,"""""",16,0
0,1,1,746,0,0,"""""","""""","""""",16,0,"""""",16,0,"""""",16,0,"""""",16,0
0,1,1,747,0,0,"""""","""""","""""",16,0,"""""",16,0,"""""",16,0,"""""",16,0
0,1,1,748,0,0,"""""","""""","""""",16,0,"""""",16,0,"""""",16,0,"""""",16,0
0,1,1,749,0,0,"""""","""""","""""",16,0,"""""",16,0,"""""",16,0,"""""",16,0
0,1,1,750,0,0,"""""","""""","""""",16,0,"""""",16,0,"""""",16,0,"""""",16,0
0,1,1,751,0,0,"""""","""""","""""",16,0,"""""",16,0,"""""",16,0,"""""",16,0
0,1,1,752,0,0,"""""","""""","""""",16,0,"""""",16,0,"""""",16,0,"""""",16,0
0,1,1,753,0,0,"""""","""""","""""",16,0,"""""",16,0,"""""",16,0,"""""",16,0
0,1,1,754,0,0,"""""","""""","""""",16,0,"""""",16,0,"""""",16,0,"""""",16,0
0,1,1,755,0,0,"""""","""""","""""",16,0,"""""",16,0,"""""",16,0,"""""",16,0
0,1,1,756,0,0,"""""","""""","""""",16,0,"""""",16,0,"""""",16,0,"""""",16,0
0,1,1,757,0,0,"""""","""""","""""",16,0,"""""",16,0,"""""",16,0,"""""",16,0
0,1,1,758,0,0,"""""","""""","""""",16,0,"""""",16,0,"""""",16,0,"""""",16,0
0,1,1,759,0,0,"""""","""""","""""",16,0,"""""",16,0,"""""",16,0,"""""",16,0
0,1,1,760,0,0,"""""","""""","""""",16,0,"""""",16,0,"""""",16,0,"""""",16,0
0,1,1,761,0,0,"""""","""""","""""",16,0,"""""",16,0,"""""",16,0,"""""",16,0
0,1,1,762,0,0,"""""","""""","""""",16,0,"""""",16,0,"""""",16,0,"""""",16,0
0,1,1,763,0,0,"""""","""""","""""",16,0,"""""",16,0,"""""",16,0,"""""",16,0
0,1,1,764,0,0,"""""","""""","""""",16,0,"""""",16,0,"""""",16,0,"""""",16,0
0,1,1,765,0,0,"""""","""""","""""",16,0,"""""",16,0,"""""",16,0,"""""",16,0
0,1,1,766,0,0,"""""","""""","""""",16,0,"""""",16,0,"""""",16,0,"""""",16,0
0,1,1,767,0,0,"""""","""""","""""",16,0,"""""",16,0,"""""",16,0,"""""",16,0
0,1,1,768,0,0,"""""","""""","""""",16,0,"""""",16,0,"""""",16,0,"""""",16,0
0,1,1,769,0,0,"""""","""""","""""",16,0,"""""",16,0,"""""",16,0,"""""",16,0
0,1,1,770,0,0,"""""","""""","""""",16,0,"""""",16,0,"""""",16,0,"""""",16,0
0,1,1,771,0,0,"""""","""""","""""",16,0,"""""",16,0,"""""",16,0,"""""",16,0
0,1,1,772,0,0,"""""","""""","""""",16,0,"""""",16,0,"""""",16,0,"""""",16,0
0,1,1,773,0,0,"""""","""""","""""",16,0,"""""",16,0,"""""",16,0,"""""",16,0
0,1,1,774,0,0,"""""","""""","""""",16,0,"""""",16,0,"""""",16,0,"""""",16,0
0,1,1,775,0,0,"""""","""""","""""",16,0,"""""",16,0,"""""",16,0,"""""",16,0
0,1,1,776,0,0,"""""","""""","""""",16,0,"""""",16,0,"""""",16,0,"""""",16,0
0,1,1,777,0,0,"""イセット緊急連絡先""","""ｲｾｯﾄｷﾝｷｭｳﾚﾝﾗ""","""0592247700#""",16,0,"""""",16,0,"""""",16,0,"""""",16,0
0,1,1,778,0,0,"""""","""""","""""",16,0,"""""",16,0,"""""",16,0,"""""",16,0
0,1,1,779,0,0,"""""","""""","""""",16,0,"""""",16,0,"""""",16,0,"""""",16,0
0,1,1,780,0,0,"""""","""""","""""",16,0,"""""",16,0,"""""",16,0,"""""",16,0
0,1,1,781,0,0,"""""","""""","""""",16,0,"""""",16,0,"""""",16,0,"""""",16,0
0,1,1,782,0,0,"""""","""""","""""",16,0,"""""",16,0,"""""",16,0,"""""",16,0
0,1,1,783,0,0,"""""","""""","""""",16,0,"""""",16,0,"""""",16,0,"""""",16,0
0,1,1,784,0,0,"""""","""""","""""",16,0,"""""",16,0,"""""",16,0,"""""",16,0
0,1,1,785,0,0,"""""","""""","""""",16,0,"""""",16,0,"""""",16,0,"""""",16,0
0,1,1,786,0,0,"""""","""""","""""",16,0,"""""",16,0,"""""",16,0,"""""",16,0
0,1,1,787,0,0,"""""","""""","""""",16,0,"""""",16,0,"""""",16,0,"""""",16,0
0,1,1,788,0,0,"""""","""""","""""",16,0,"""""",16,0,"""""",16,0,"""""",16,0
0,1,1,789,0,0,"""""","""""","""""",16,0,"""""",16,0,"""""",16,0,"""""",16,0
0,1,1,790,0,0,"""""","""""","""""",16,0,"""""",16,0,"""""",16,0,"""""",16,0
0,1,1,791,0,0,"""""","""""","""""",16,0,"""""",16,0,"""""",16,0,"""""",16,0
0,1,1,792,0,0,"""""","""""","""""",16,0,"""""",16,0,"""""",16,0,"""""",16,0
0,1,1,793,0,0,"""""","""""","""""",16,0,"""""",16,0,"""""",16,0,"""""",16,0
0,1,1,794,0,0,"""""","""""","""""",16,0,"""""",16,0,"""""",16,0,"""""",16,0
0,1,1,795,0,0,"""""","""""","""""",16,0,"""""",16,0,"""""",16,0,"""""",16,0
0,1,1,796,0,0,"""""","""""","""""",16,0,"""""",16,0,"""""",16,0,"""""",16,0
0,1,1,797,0,0,"""""","""""","""""",16,0,"""""",16,0,"""""",16,0,"""""",16,0
0,1,1,798,0,0,"""""","""""","""""",16,0,"""""",16,0,"""""",16,0,"""""",16,0
0,1,1,799,0,0,"""""","""""","""""",16,0,"""""",16,0,"""""",16,0,"""""",16,0
